review,sentiment
ржПржЗ ржЯрж╛ржХрж╛рзЯ ржнрж╛рж▓рзЛ ржкржирзНржп ржЖржкржирж╛рж░ ржирж┐рждрзЗ ржкрж╛рж░рзЗржи,Positive
ржЖрж▓рж╣рж╛ржоржжрзБрж▓рж┐рж▓рзНрж▓рж╛рж╣ ржЕржирзЗржХ ржнрж╛рж▓рзЛ ржПржХржЯрж╛ ржкрзНрж░рзЛржбрж╛ржХрзНржЯред рж╕ржмрж╛ржЗ ржирж┐рждрзЗ ржкрж╛рж░рзЗржи,Positive
рж╕рзЗрж▓рж╛рж░ржХрзЗ ржЕржирзЗржХ ржЕржирзЗржХ ржзржирзНржпржмрж╛ржж ржнрж╛рж▓рзЛ ржорж╛ржи рж╕ржорзНржоржд ржкржгрзНржп ржПржмржВ ржжрзНрж░рзБржд ржбрзЗрж▓рж┐ржнрж╛рж░рзА ржжрзЗрзЯрж╛рж░ ржЬржирзНржпред ржЖржорж┐ ржЫржмрж┐ ржжрзЗржЦрзЗ ржкржгрзНржпрзЗрж░ ржЧрзБржиржЧржд ржорж╛ржи ржпрзЗржоржиржЯрж╛ ржнрзЗржмрзЗржЫрж┐рж▓рж╛ржо рждрзЗржоржиржЯрж╛ржЗ ржкрзЗрзЯрзЗржЫрж┐ред ржЗржирж╢рж╛ржЖрж▓рзНрж▓рж╛рж╣ ржЖржкржирж╛рж░рж╛ ржПржЦрж╛ржи ржерзЗржХ ржмрзНрж░рж╛ ржХрзНрж░рзЯ ржХрж░рж▓рзЗ ржаржХржмрзЗржи ржирж╛ред,Positive
ржЖржкржирж╛ржжрзЗрж░ ржкржирзНржп ржЖржорж┐ ржкрзЗрзЯрзЗржЫрж┐ред рждржмрзЗ ржПржХржЯрж╛ ржмрж┐рж╖рзЯ рж╣рж▓рзЛ ржкржирзНржп ржирж╛ ржжрзЗржЦрзЗ ржЯрж╛ржХрж╛ ржжрзЗржУрзЯрж╛рж░ ржмрж┐рж╖рзЯржЯрж╛ ржкрж░рж┐ржмрж░рзНрждржи ржХрж░рж▓рзЗ ржЖржорж░рж╛ ржЖрж░рзЛ ржЖржЧрзНрж░рж╣рзА рж╣рждрж╛ржоред,Positive
26 рждрж╛рж░рж┐ржЦ ржЕрж░рзНржбрж╛рж░ ржжрж┐ржпрж╝рзЗржЫрзЗ 29 рждрж╛рж░рж┐ржЦ ржкрзЗржпрж╝рзЗржЫрж┐ ржЦрзБржм ржнрж╛рж▓рзЛ рж▓рж╛ржЧрж▓рзЛ ржкрзНрж░рзЛржбрж╛ржХрзНржЯ ржпрзЗрж░ржХржо ржЪрзЗржпрж╝рзЗржЫрж┐ рж╕рзЗрж░ржХржо ржкрзЗржпрж╝рзЗржЫрж┐ ржЖрж▓рж╣рж╛ржоржжрзБрж▓рж┐рж▓рзНрж▓рж╛рж╣ ржзржирзНржпржмрж╛ржж ржжрж╛рж░рж╛ржЬ ржХрзЗ,Positive
ржЕржирзЗржХ ржЖрж╣рж╛ржорж░рж┐ ржЯрж╛ржЗржкрзЗрж░ ржнрж╛рж▓рзЛ ржирж╛ред ржХрж┐ржирзНрждрзБ ржжрж╛ржо ржЕржирзБржпрж╛рзЯрзА рж░рзЗржЧрзБрж▓рж╛рж░ ржЗржЙржЬрзЗрж░ ржЬржирзНржпрзЗ ржкрж╛рж░рзНржлрзЗржХрзНржЯ! ржХрж╛ржкрж░рзЗрж░ ржХрзЛрзЯрж╛рж▓рж┐ржЯрж┐ ржмрзЗрж╢ ржнрж╛рж▓рзЛред ржЖржмрж╛рж░ ржХрж┐ржиржмрзЛ ржЗржирж╢рж╛ржЖрж▓рзНрж▓рж╛рж╣!!,Positive
рж╕рзЗрж▓рж╛рж░ ржХрзЗ ржХржерж╛ ржжрж┐рзЯрзЗржЫрж┐рж▓рж╛ржо ржпржжрж┐ ржнрж╛рж▓рзЛ ржкрзНрж░ржбрж╛ржХрзНржЯ ржкрж╛ржЗ рждрж╛рж╣рж▓рзЗ ржЕржмрж╢рзНржпржЗ рзл рж╕рзНржЯрж╛рж░ ржжрж┐ржмрзЛ ред ржХржерж╛ рж░рж╛ржЦрж▓рж╛ржо рзл рж╕рзНржЯрж╛рж░ ржЗ ржжрж┐рж▓рж╛ржо ржЖрж░ ржЖржорж┐ ржоржирзЗрж╣рзЯ ржПржЗ ржкрзНрж░ржбрж╛ржХрзНржЯ ржПрж░ ржлрж╛рж╕рзНржЯ ржХрж╛рж╕рзНржЯржорж╛рж░ ред рзз ржХржерж╛рзЯ ржПржЗ ржкрзНрж░рж╛ржЗржЬрзЗ ржЕрж╕рж╛ржзрж╛рж░ржг ржкрзНрж░ржбрж╛ржХрзНржЯ ржХрзЛрзЯрж╛рж▓рж┐ржЯрж┐,Positive
ржХрж╛рж▓рж╛рж░ржЧрзБрж▓рзЛ ржарж┐ржХржарж╛ржХ ржЖрж╕рзЗржирж┐ред рждрж╛рж░ржкрж░ржУ ржорзЛржЯрж╛ржорзБржЯрж┐ ржнрж╛рж▓ ржЫрж┐рж▓ред ржзржирзНржпржмрж╛ржж ржмрж┐ржХрзНрж░рзЗрждрж╛ржХрзЗред,Positive
ржжрж╛ржо ржЕржирзБржпрж╛рзЯрзА ржЦрж╛рж░рж╛ржк ржирж╛ред рждржмрзЗ ржПржЗ ржзрж░ржгрзЗрж░ ржкрзНрж░рзЛржбрж╛ржХрзНржЯ ржЕржирж▓рж╛ржЗржирзЗрж░ ржкрзНрж░рждрж┐ рж╕ржмрж╛ржЗ ржЖржЧрзНрж░рж╣рзА рж╣ржЪрзНржЫрзЗред рждрж╛ржЗ ржХрзНрж░рзЗрждрж╛рж░ ржЪрж╛рж╣рж┐ржжрж╛ ржЕржирзБржпрж╛рзЯрзА ржбрзЗрж▓рж┐ржнрж╛рж░рзА ржжрзЗржУрзЯрж╛рж░ ржЬржирзНржп ржмрж┐ржХрзНрж░рзЗрждрж╛ржжрзЗрж░ рж╕рж░рзНржмржжрж╛ рж╕ржХрзНрж░рж┐рзЯ ржерж╛ржХрж╛ ржЙржЪрж┐рзОред,Positive
ржкрзНрж░рзЛржбрж╛ржХрзНржЯ ржХрзЛржпрж╝рж╛рж▓рж┐ржЯрж┐ ржЕржирзЗржХ ржнрж╛рж▓рзЛред рждрж╛рж░ржерзЗржХрзЗржУ ржмрзЗрж╢рзА ржнрж╛рж▓рзЛ рж╕рзЗрж▓рж╛рж░рзЗрж░ ржорзЗрж╕рзЗржЮрзНржЬрж╛рж░ рж░рзЗрж╕ржкржирзНрж╕ред ржПржЗ ржжрж╛ржорзЗ ржПржд ржнрж╛рж▓рзЛ ржХрзЛржпрж╝рж╛рж▓рж┐ржЯрж┐ ржкрж╛ржм рждрж╛ ржЖрж╢рж╛ ржХрж░рж┐ржирж┐ред ржЖржкржирж╛рж░рж╛ ржирж┐рж╢рзНржЪрж┐ржирзНрждрзЗ ржЕрж░рзНржбрж╛рж░ ржХрж░рждрзЗ ржкрж╛рж░рзЗржиред,Positive
ржЖрж▓-рж╣рж╛ржоржжрзБрж▓рзНрж▓рж┐рж▓рж╛рж╣рзН ред ржнрж╛рж▓ ржкрзНрж░ржбрж╛ржХрзНржЯ ржХрж┐ржирзНрждрзБ рж╕рж╛ржЗржЬ ржЖрж░рзЗржХржЯрзБ ржмржбрж╝ рж╣рж▓рзЗ ржнрж╛рж▓рзЛ рж╣рждрзЛред рждржмрзЗ ржнрж╛рж▓ ржкрзНрж░ржбрж╛ржХрзНржЯред рж░рж┐ржХржорзЗржирзНржбржб рж╕рзЗрж▓рж╛рж░ред,Positive
ржЦрзБржм рж╕рзБржирзНржжрж░ ржкрзНрж░рзЛржбрж╛ржХрзНржЯред ржЖржорж╛рж░ ржкржЫржирзНржж рж╣рзЯрзЗржЫрзЗред ржПржд ржХржо ржжрж╛ржорзЗ ржПржд ржнрж╛рж▓рзЛ ржкрзНрж░рзЛржбрж╛ржХрзНржЯ ржнрж╛ржмрж╛ржЗ ржпрж╛рзЯ ржирж╛ред ржЫржмрж┐рждрзЗ ржпрзЗржоржи ржжрзЗржЦрзЗржЫрж┐ ржмрж╛рж╕рзНрждржмрзЗржУ рждрж╛ржЗ ржкрзЗрзЯрзЗржЫрж┐ред ржзржирзНржпржмрж╛ржж ржжрж╛рж░рж╛ржЬ,Positive
ржЕржирзЗржХ ржзржирзНржпржмрж╛ржж ржжрж╛рж░рж╛ржЬ ....ржкрзНрж░ржбрж╛ржХрзНржЯ ржХрзЛрзЯрж╛рж▓рж┐ржЯрж┐ ржЕржирзЗржХ ржнрж╛рж▓рзЛ ржЫрж┐рж▓рзЛ ржпрзЗржоржи ржЖрж╢рж╛ ржХрж░ржЫрж┐рж▓рж╛ржо рждрзЗржоржи ржкрзЗржпрж╝рзЗржЫрж┐ ред рж╕рж╛ржЙржирзНржб ржХрзЛрзЯрж╛рж▓рж┐ржЯрж┐ ржЖржорж╛рж░ ржХрж╛ржЫрзЗ ржЦрзБржмржЗ ржнрж╛рж▓рзЛ рж▓рж╛ржЧржЫрзЗред ржПржХ ржХржерж╛рзЯ 10/10 ржХрзЛржи ржХрзБржорждрж┐ ржкрж╛ржЗржирж┐ред рж╕рзЗрж▓рж╛рж░рзЗрж░ ржмрзНржпржмрж╣рж╛рж░ ржЖржорж╛рж░ ржХрж╛ржЫрзЗ ржЦрзБржмржЗ ржнрж╛рж▓рзЛ рж▓рж╛ржЧржЫрзЗ ржпрзЗ ржХрж╛рж▓рж╛рж░ ржЪрзЗрзЯрзЗржЫрж┐ рж╕рзЗржЯрж╛ржЗ ржкрзЗрзЯрзЗржЫрж┐ред ржХрзЗржЙ ржЪрж╛ржЗрж▓рзЗ ржирж┐рждрзЗ ржкрж╛рж░рзЗ ред,Positive
"ржжрж╛ржо ржЕржирзБржпрж╛рзЯрзА ржЕржирзЗржХ ржнрж╛рж▓рзЛ ржПржХржЯрж┐ ржкрзНрж░рзЛржбрж╛ржХрзНржЯ, рж╕рж╛ржЙржирзНржб ржХрзЛрзЯрж╛рж▓рж┐ржЯрж┐ ржЕржирзЗржХ ржнрж╛рж▓рзЛ,,ржзржирзНржпржмрж╛ржж ржжрж╛рж░рж╛ржЬ ржПржмржВ рж╕рзЗрж▓рж╛рж░ ржХрзЗ рж╕ржарж┐ржХ ржкржирзНржп ржПржмржВ рж╕ржарж┐ржХ рж╕ржорзЯрзЗрж░ ржоржзрзНржпрзЗ ржжрзЗржУрзЯрж╛рж░ ржЬржирзНржпред",Positive
ржЕрж░рзНржбрж╛рж░ ржжрж┐рзЯрзЗржЫрж┐рж▓рж╛ржо XXL ржбрзЗрж▓рж┐ржнрж╛рж░рж┐ ржкрзЗрж▓рж╛ржо M рж╕рж╛ржЗржЬред рждрж╛рж░ржкрж░ ржХрж╛ржкрзЬ ржерзЗржХрзЗ рж╕рзБрждрж╛ ржкрж░рзНржпржирзНржд ржЙржарзЗ ржЧрзЗржЫрзЗред,Negative
рж╕рж╛ржЗржЬ ржХрж╛рж▓рж╛рж░ рж╕ржм ржкрж╛рж░ржлрзЗржХрзНржЯ ржЫрж┐рж▓ ржзржирзНржпржмрж╛ржж рж╕рзЗрж▓рж╛рж░ржХрзЗ ржпрж╛ ржЪрзЗрзЯрзЗржЫрж┐ рждрж╛ржЗ ржжрж┐рзЯрзЗржЫрзЗ ржбрзЗрж▓рж┐ржнрж╛рж░рж┐ ржорзНржпрж╛ржиржУ рж╕ржорзЯржоржд ржбрзЗрж▓рж┐ржнрж╛рж░рж┐ ржжрж┐рзЯрзЗржЫрзЗ ржзржирзНржпржмрж╛ржж ржжрж╛рж░рж╛ржЬ ржЯрж┐ржоржХрзЗред,Positive
рж▓рзЛржХ ржаржХрж╛ржирзЛ ржмрзНржпржмрж╕рж╛ рж╣ржЪрзНржЫрзЗ ржжрзЗржЦрж╛ржи ржПржХржЯрж╛ ржжрзЗржи ржЖрж░рзЗржХржЯрж╛ ржЖрж░ ржХржЦржирзЛ ржХрзЛржи ржЬрж┐ржирж┐рж╕ ржЕрж░рзНржбрж╛рж░ ржХрж░ржмрзЛ ржирж╛,Negative
ржпрзЗржоржи ржЯрж╛ ржЫрж┐рж▓рзЛ ржарж┐ржХ рждрзЗржоржи ржЯрж╛ржЗ ржкрзЗрж▓рж╛ржорз╖ ржзржирзНржпржмрж╛ржж ржжрж╛рж░рж╛ржЬ ржПржмржВ рж╕рзЗрж▓рж╛рж░ ржХрзЗред ржПржЗ ржнрж╛ржмрзЗ рж╕ржХрж▓ ржХрзНрж╖рзЗрждрзНрж░рзЗ рж╕ржарж┐ржХ ржорж╛рж▓рж╛ржорж╛рж▓ ржкрзМржЫрзЗржжрзЗржУрзЯрж╛рж░ ржЕржирзБрж░рзЛржз рж░ржЗрж▓рзЛ,Positive
"рж░рзЗржЯ ржЕржирзБржпрж╛рзЯрзА ржЕржирзЗржХ ржнрж╛рж▓рзЛ ржкрзЛржбрж╛ржХрзНржЯ, ржзржирзНржпржмрж╛ржж ржжрж╛рж░рж╛ржЬ ржХрзЗ ржПржмржВ рж╕рзЗрж▓рж╛рж░ ржХрзЗред рзи ржЯрж╛ ржЕрж░рзНржбрж╛рж░ ржХрж░рзЗржЫрж┐рж▓рж╛ржо ржжрзБржЗ ржЯрж╛ржЗ ржЦрзБржм рж╕рзБржирзНржжрж░ рж╣рзЯрзЗржЫрзЗред",Positive
ржЖрж▓рж╣рж╛ржоржжрзБрж▓рж┐рж▓рзНрж▓рж╛рж╣ред ржХрж╛ржкржбрж╝ ржХрзЛржпрж╝рж╛рж▓рж┐ржЯрж┐ ржорзЛржЯрж╛ржорзБржЯрж┐ ржнрж╛рж▓рзЛред рж╕рж╛ржмрж▓рж┐ржорзЗрж╢ржи ржкрзНрж░рж┐ржирзНржЯ ржХрж░рзЗ ржжрж┐ржпрж╝рзЗржЫрзЗ ржЬрж╛рж░рзНрж╕рж┐ ржХрж╛ржкржбрж╝рзЗрж░ ржЙржкрж░рзЗред,Positive
ржЕржирзЗржХ рж╕ржлржЯ ржПржмржВ рж╕рж┐рж▓рзНржХрж┐ред ржЦрзБржмржЗ рж╕ржлржЯ ржПржмржВ ржкрж╛рждрж▓рж╛ рж╣рж▓рзЗржУ ржЧрж░ржо ржЖржЫрзЗред ржПржмржВ ржмрзЗрж╕рзНржЯ ржкрзНржпрж╛ржХрзЗржЬрж┐ржВ ржЫрж┐рж▓рзЛред ржЖржорж╛рж░ рж░рзЗржЯрж┐ржВ рззрзж/рззрзж,Positive
ржкрзНрж░ржержо ржмрж╛рж░ ржжрж╛рж░рж╛ржЬ ржерзЗржХрзЗ ржкржирзНржп ржХрзНрж░ржпрж╝ ржХрж░рж▓рж╛ржоредрж╕ржм ржорж┐рж▓рж┐ржпрж╝рзЗ ржнрж╛рж▓рзЛржЗ ржЖржЫрзЗред ржЖржкржирж╛рж░рж╛ ржЪрж╛ржЗрж▓рзЗ ржирж┐рждрзЗ ржкрж╛рж░рзЗржи  ржзржирзНржпржмрж╛ржж ржжрж╛рж░рж╛ржЬ ржХрзЗред,Positive
"ржЦрзБржмржЗ ржмрж╛ржЬрзЗ ржПржХрзНрж╕ржкрзЗрж░рж┐рзЯрзЗржирзНрж╕.ред ржЖржорж┐ ржЕрж░рзНржбрж╛рж░ ржХрж░рзЗржЫрж┐рж▓рж╛ржо ржлрзБрж▓ рж╕рзНрж▓рж┐ржн, ржПржоржиржХрж┐ ржЕрж░рзНржбрж╛рж░рзЗрж░ ржЖржЧрзЗ рж╕рзЗрж▓рж╛рж░рзЗрж░ рж╕рж╛ржерзЗ ржХржерж╛ржУ ржмрж▓рзЗ ржирж┐рзЯрзЗржЫрж┐рж▓рж╛ржо, рждрж┐ржирж┐ ржмрж▓ржЫрзЗ ржкрзНрж░рзЛржбрж╛ржХрзНржЯ ржЖржЫрзЗ.ред ржХрж┐ржирзНрждрзБ ржбрзЗрж▓рж┐ржнрж╛рж░рж┐ ржжрж┐рж╕рзЗ рж╣рж╛ржл рж╕рзНрж▓рж┐ржк.ред рж╕рж╛ржЗржЬ ржЕржирзБржпрж╛рзЯрзА ржкрзНрж░рзЛржбрж╛ржХрзНржЯ ржлрж┐ржЯрж┐ржВрж╕ рж╣рзЯржирж╛.ред ржПржЦржи рж╕рзЗрж▓рж╛рж░ ржорзНржпрж╛рж╕рзЗржЬ рж╕рж┐ржи ржХрж░рзЗржУ рж░рзЗрж╕ржкржирзНрж╕ ржХрж░рзЗржирж╛.ред ржПржжрзЗрж░ ржЬржирзНржп ржжрж╛рж░рж╛ржЬ ржПрж░ ржжрзБрж░рзНржирж╛ржо рж╣рзЯ.ред",Negative
ржнрж╛ржЗ ржкрзБрж░рзЛ рж╣рждрж╛рж╢ ржХрж░рж▓рзЗржиред ржкрзНрж░рзЛржбрж╛ржХрзНржЯ ржирж╛ ржерж╛ржХрж▓рзЗ ржЕрж░рзНржбрж╛рж░ ржирж┐ржмрзЗржи ржирж╛ред рждрж╛ржЗ ржмрж▓рзЗ ржПрж░ржХржо рзи ржирж╛ржорзНржмрж╛рж░рж┐ ржХрж░ржмрзЗржиред ржЪрж╛ржЗрж▓рж╛ржо ржПрж╢ ржХрж╛рж▓рж╛рж░ ржжрж┐рж▓рзЗржи рж╣рж▓рзБржж ржХрж╛рж▓рж╛рж░рзЗрж░ ржЯрж╛ред рж╕рж╛ржжрж╛ ржХрж╛рж▓рж╛рж░ рж╣ржЗрж▓рзЗржУ ржорж╛ржирж╛ржи ржпрж╛ржЗрждрзЛ ржХрж┐ржирзНрждрзБ рж╣рж▓рзБржж рж░ржВ ржжрзЗржЦрждрзЗ ржХрзЗржоржи рж▓рж╛ржЧрзЗред ржкрзНрж░ржержоржмрж╛рж░ ржЕрж░рзНржбрж╛рж░ ржХрж░рзЗржЫрж┐ ржкрзБрж░рзЛ ржЖрж╢рж╛рж╣ржд рж╣рж▓рж╛ржоред ржЖржкржирж╛ржжрзЗрж░ ржПржЗ ржзрж░ржирзЗрж░ ржХрж╛ржЬ ржХрж░рзНржорзЗрж░ ржжрж╛рж░рж╛ржЬрзЗрж░ ржмржжржирж╛ржо рж╣рзЯред ,Negative
ржкрзБрж░рж╛ржЗ ржлрж╛рж▓рждрзБ ржУрж░рзНржбрж╛рж░ ржХрж░ржЫрж┐ рж╕рж╛ржжрж╛ ржХрж╛рж▓рж╛рж░ ржЖрж░ ржжрж┐рж╕рзЗ ржХрж┐ ржПржХ ржХрж╛рж▓рж╛рж░ред ржЖрж░ ржЯрж┐рж╢рж╛рж░рзНржЯрзЗ ржорж╛ржиржЯрж╛ ржУ ржПржХржжржо ржмрж╛ржЬрзЗ. рж╕рзЗрж▓рж░ржХрзЗ ржУ ржмрж▓рзНрж▓рж╛ржо ржЪрзЗржХ ржХрж░рзЗ ржжрж┐рждрзЗ ржХрж┐ржирзНрждрзБ рждрж╛ржУ ржжрж┐рж▓рзЛ ржирж╛ред ржЖржкржирж╛ржжрзЗрж░ ржХрж╛рж░ржгрзЗ ржжрж╛рж░рж╛ржЬрзЗрж░ ржирж╛ржо ржмржжржирж╛ржо рж╣рзЯ,Negative
"ржЕрж░рзНржбрж╛рж░ ржХрж░рж▓рж╛ржо ржлрзБрж▓ рж╣рж╛рждрж╛ ржЖрж░ ржбрзЗрж▓рж┐ржнрж╛рж░рж┐ ржжрж┐рж▓рзЗржи рж╣рж╛ржл рж╣рж╛рждрж╛ред ""M "" рж╕рж╛ржЗржЬ ржарж┐ржХржЗ ржЖржЫрзЗ ржХрж┐ржирзНрждрзБ ржкрзНрж░ржХрзГрждржкржХрзНрж╖рзЗ ""S"" рж╕рж╛ржЗржЬрзЗрж░ ржЪрзЗрзЯрзЗржУ ржЫрзЛржЯред ржлрж╛рж▓рждрзБ",Negative
ржнрж╛ржЗ ржПржЯрж╛ ржХрж┐ ржкржгрзНржп ржжрж┐рж▓рзЗржи ржЫржмрж┐рж░ рж╕рж╛ржерзЗ ржмрж╛рж╕рзНрждржмрзЗрж░ ржХрзЛржи ржорж┐рж▓ ржирзЗржЗ ржПрж░ржХржо ржкржгрзНржп ржПржХржжржорзЗ ржЖрж╢рж╛ ржХрж░рж┐ржирж┐ ржнрж╛ржЗржЬрж╛ржи,Negative
"ржХрзЛрзЯрж╛рж▓рж┐ржЯрж┐ ржЖрж░ ржлрж┐ржирж┐рж╢рж┐ржВ ржЦрж╛рж░рж╛ржк, ржЖрж░ ржбрзЗрж▓рж┐ржнрж╛рж░рж┐ ржЕржирзЗржХ ржжрзЗрзЬрж┐рждрзЗ ржжрж┐рзЯрзЗржЫрзЗ, рждрж╛рж░ ржкрж░ржУ ржжрж╛ржо рж╣рж┐рж╕рзЗржмрзЗ ржнрж╛рж▓рзЛ",Positive
ржзржирзНржпржмрж╛ржж ржжрж╛рж░рж╛ржЬ ржХрзЗред ржЖрж░ ржзржирзНржпржмрж╛ржж ржЬрж╛ржирж╛рзЯ рж╕рзЗрж▓рж╛рж░ ржХрзЗ рж╕рзЗ ржЖржорж╛ржХрзЗ ржнрж╛рж▓рзЛ ржЯрж┐-рж╢рж╛рж░рзНржЯ ржжрзЗржУрзЯрж╛рж░ ржЬржирзНржпредржХржо ржжрж╛ржорж┐ ржнрж╛рж▓рзЛ ржЯрж┐-рж╢рж╛рж░рзНржЯ ржкрж╛ржмрзЛ ржнрж╛ржмрж┐ ржирж╛ржЗред ржпрзЗржоржи ржЪрж╛ржЗржЫрж┐ рждрзЗржоржи ржЗ ржкрж╛ржЗржЫрж┐ред,Positive
ржПржЗ ржЯрж╛ржХрж╛рзЯ ржПржЗ ржмрж╛ржЬрж╛рж░рзЗ ржПржЗ ржЬрж┐ржирж┐рж╕ ржХрж▓рзНржкржирж╛ ржУ ржХрж░рж╛ржУ ржпрж╛рзЯ ржирж╛ред ржЖржорж┐ ржЖрж░рзЛ ржХрж┐ржЫрзБ ржЕрж░рзНржбрж╛рж░ ржХрж░ржмрзЛред,Positive
ржХрж┐ ржЕрж░рзНржбрж╛рж░ ржжрж┐рзЯрзЗржЫрж┐ ржЖрж░ ржХрж┐ ржбрзЗрж▓рж┐ржнрж╛рж░рж┐ ржжрж┐рзЯрзЗржЫрзЗ ржжрзЗржЦрж▓рзЗржЗ ржоржирзЗ рж╣ржЪрзНржЫрзЗ рж╕рзЗрж▓рж╛рж░ ржХрзЗ рж╕рж╛ржоржирзЗ ржкрзЗрж▓рзЗ ржжрзБржЗржЯрж╛ ржЪржкрж╛ржЯ ржШрж╛ ржХрж╖рзЗ ржжрж┐рждрж╛ржоред ржпрзЗ рж╕ржм рж╕рзЗрж▓рж╛рж░ ржжрж╛рж░рж╛ржЬ ржПрж░ ржнрж╛ржмржорзБрж░рзНрждрж┐ ржХрзНрж╖рзБржирзНржи ржХрж░ржЫрзЗ рждрж╛ржжрзЗрж░ржХрзЗ ржХрзЗржи ржбрж┐рж▓рж┐рж╖рзНржЯрзЗржЯ ржирж╛ ржХрж░рзЗ ржмрзНржпржмрж╕рж╛ ржХрж░рж╛рж░ рж╕рзБржпрзЛржЧ ржжрж┐ржЪрзНржЫрзЗ рждрж╛ ржмрзЛржзржЧржорзНржп ржирзЯред ржзрж┐ржХрзНржХрж╛рж░ ржЬрж╛ржирж╛рзЯ рж╕рзЗрж▓рж╛рж░ ржХрзЗ,Negative
"рж╕рж╛ржжрж╛ ржЖрж░ ржПрж╕ ржПрж░ ржоржзрзНржпрзЗ ржкрж╛рж░рзНржержХрзНржп ржмрзБржЭрзЗржи ржнрж╛ржЗ?? рж╣рж╛ржЬрж╛рж░ рж╣рж╛ржЬрж╛рж░ ржкрж┐рж╕ ржорж╛рж▓ ржЕрж░рзНржбрж╛рж░ ржирж┐рзЯрзЗ ржЦрж╛рж▓рж┐ ржЯрж╛ржХрж╛ ржЗ ржХрж╛ржорж╛ржЗрж▓рзЗржиред рж╢рзАрждрзЗрж░ ржЬржирзНржп ржлрзБрж▓ рж╣рж╛рждрж╛ ржЧрзЗржЮрзНржЬрж┐ ржмрж┐ржХрзНрж░рж┐ ржХрж░рждрзЗржЫрзЗржи, ржХрж┐ ржХрж╛ржкрзЬ ржжрж┐ржЫрзЗржи ржПржЗржЯрж╛ред рж╕рзЗржирзНржЯрзБ ржЧрзЗржЮрзНржЬрж┐рж░ ржХрж╛ржкрзЬ ржУ ржПрж░ ржерзЗржХрзЗ ржорзЛржЯрж╛ред ",Negative
"ржзржирзНржпржмрж╛ржж ржжрж░ржЬрж╛ ржПржмржВ рж╕рзЗрж▓рж╛рж░ржХрзЗ, ржпрзЗржоржи ржУрж░рзНржбрж╛рж░ ржХрж░ржЫрж┐ рждрзЗржоржи ржЗ ржкрж╛ржЗржЫрж┐ , ржжрж╛ржо ржЕржирзБржпрж╛рзЯрзА ржкрзНрж░ржбрж╛ржХрзНржЯ ржХрзЛрзЯрж╛рж▓рж┐ржЯрж┐ ржЦрзБржм ржнрж╛рж▓",Positive
ржжрзБржЗржЯрж╛ ржПржХржЗ рж░ржХржо ржжрж┐ржЫрзЗредржпрзЗржЯрж╛ ржЪрж╛ржЗржЫрж┐ рж╕рзЗржЯрж╛ ржжрзЗрзЯ ржирж┐редржЪрж╛ржЗржЫрж┐ ржПржХржЯрж╛ ржжрж┐ржЫрзЗ ржЖрж░ ржПржХредржЪрж╛ржЗрж▓рж╛ржо ржжрзБржЗ ржбрж┐ржЬрж╛ржЗржирзЗрж░ ржжрзБржЗржЯрж╛ ржжрж┐рж▓рзЗржи ржПржХржЗ ржбрж┐ржЬрж╛ржЗржирзЗрж░ ржжрзБржЗ ржХрж╛рж▓рж╛рж░редрж╣рждрж╛рж╢рж╛ржЬржиржХред,Negative
ржПржХржжржо ржмрж╛ржЬрзЗ ржбрзЗрж▓рж┐ржнрж╛рж░рж┐ред ржжрзЗржЦрж╛рзЯ ржПржХржЯрж╛ ржЖрж░ ржбрзЗрж▓рж┐ржнрж╛рж░рж┐ ржжрзЗрзЯ ржПржХржЯрж╛ред рж╢рж╛рж▓рж╛рж░ ржЪрж┐ржЯрж╛рж░рзЗрж░ ржмрж╛ржЪрзНржЪрж╛ред ржЖржЬржХрзЗ ржерзЗржХрзЗ ржжрж╛рж░рж╛ржЬрзЗрж░ ржЧрзБрж╖рзНржЯрж┐ ржЪрзБржжрж▓рж╛ржоред ржЖрж░ ржХрзЛржирзЛ ржжрж┐ржи ржжрж╛рж░рж╛ржЬ ржерзЗржХрзЗ ржХрзЛржи ржкржирзНржп рж╕рж╛ржоржЧрзНрж░рж┐ржЗ ржХрж┐ржиржмрзЛ ржирж╛ред рж╕рж╛рж▓рж╛рж░ ржорж╛ржжрж╛рж░ржЪрзБржжрж░рж╛ред,Negative
ржПржХржХржерж╛ржпрж╝ рж╕рзЗрж▓рж╛рж░ ржПржХржЬржи ржмрж╛ржЯржкрж╛рж░ ржЫржмрж┐ ржжрж┐ржЫрзЗ ржПржХржЯрж╛ ржорж╛рж▓ ржкрж╛ржарж╛ржЗржЫрзЗ ржЖрж░ ржПржХржЯрж╛,Negative
"ржжрж╛ржо рж╣рж┐рж╕рзЗржмрзЗ ржЯрж┐ рж╕рж╛ржЯ ржПрж░ ржлрзЗржмрзНрж░рж┐ржХрзНрж╕ ржнрж╛рж▓ ржирж╛,",Negative
ржХрж╛ржкрзЬрзЗрж░ ржЙржкрж░рзЗ рж▓рж╛рж▓ ржкрзНрж░рж┐ржирзНржЯрзЗрж░ ржХрзЛрзЯрж╛рж▓рж┐ржЯрж┐ рждрзЗржоржи ржнрж╛рж▓рзЛ ржоржирзЗ рж╣рзЯржирж┐ред,Negative
"ржкрзНрж░рж╛ржпрж╝ рзз ржорж╛рж╕ ржмрзНржпрж╛ржмрж╣рж╛рж░ ржХрж░рзЗ рж░рж┐ржнрж┐ржЙ ржжрж┐ржЪрзНржЫрж┐ред ржХрж╛ржкржбрж╝рзЗрж░ ржорж╛ржи ржЦрзБржм ржПржХржЯрж╛ ржнрж╛рж▓рзЛ ржирж╛, ржПржХ ржзрзЛржпрж╝рж╛рж░ ржкрж░ ржЪрждрзБрж░рзНржжрж┐ржХрзЗ ржкрзНрж░рж╛ржпрж╝ рзк рж╕рзЗржорж┐ ржмрзЗржбрж╝рзЗ ржЧрзЗржЫрзЗ! ржЖрж░ ржХрж╛ржкржбрж╝ ржорзЛржЯрзЗржУ ржкрзНрж░рж┐ржорж┐ржпрж╝рж╛ржо ржирж╛! ржПржЗ ржХрж╛ржкржбрж╝рзЗрж░ ржЯрж┐рж╢рж╛рж░рзНржЯ ржХрзЛржиржнрж╛ржмрзЗржЗ рзйрзжрзж ржЯрж╛ржХрж╛ рж╣рждрзЗ ржкрж╛рж░рзЗ ржирж╛ред ржЖржЧрзЗ рж╣ржпрж╝рждрзЛ ржХрзЛржпрж╝рж╛рж▓рж┐ржЯрж┐ ржнрж╛рж▓рзЛ ржЫрж┐рж▓, рждрж╛ржЗ рж░рж┐ржнрж┐ржЙ ржнрж╛рж▓рзЛ ржХрж┐ржирзНрждрзБ ржПржЦржиржХрж╛рж░ ржХрзЛржпрж╝рж╛рж▓рж┐ржЯрж┐ рж╕ржирзНрждрзБрж╖ржЬржиржХ ржиржпрж╝ред ржХрж╛ржкржбрж╝рзЗрж░ ржорж╛ржи ржЕржирзБржпрж╛ржпрж╝рзА ржПржЗ ржкрзНрж░ржбрж╛ржХрзНржЯржЯрж┐рж░  рж░рзЗржЯрж┐ржВ ржжрж┐ржм рзл.рзл/рззрзж",Negative
ржпрзЗржоржиржЯрж╛ ржЪрзЗрзЯрзЗржЫрж┐рж▓рж╛ржо рждрзЗржоржиржЯрж╛ржЗ ржкрзЗрзЯрзЗржЫрж┐ред рж╕рзЗрж▓рж╛рж░рзЗрж░ ржЙржкрж░ рж╕ржирзНрждрзБрж╖рзНржЯред ржзржирзНржпржмрж╛ржж рж╕рзЗрж▓рж╛рж░ржХрзЗред,Positive
"ржЯрзНрж░рж┐ рж╢рж╛рж░рзНржЯ ржкрзЗрзЯрзЗ ржЖржорж┐ рж╕ржирзНрждрзЛрж╖рзНржЯ, ржпржжрж┐ ржмрж╛ рж░ржВ ржЯрж╛ ржЫржмрж┐рж░ ржорждрзЛ ржкрж╛рзЯржирж┐ред",Positive
ржПржХржжржо ржЫржмрж┐рж░ ржорждред рж╕рзБржирзНржжрж░ред рж╕рзЗрж▓рж╛рж░ рж░рж┐ржХржорзЗржирзНржбрзЗржбред,Positive
рж╕ржмржХрж┐ржЫрзБржЗ ржарж┐ржХржарж╛ржХ ржХрж┐ржирзНрждрзБ ржжрж╛ржо ржЕржирзБржпрж╛рзЯрзА ржХрж╛ржкрзЬрзЗрж░ ржорж╛ржи ржирж┐рзЯрзЗ ржПржХржЯрзБ рж╕ржирзНржжрж┐рж╣рж╛ржиред,Positive
"ржорзЛржЯрж╛ржорзБржЯрж┐, рждржмрзЗ ржЖрж░ржУ ржнрж╛рж▓рзЛ ржЖрж╢рж╛ ржХрж░ржЫрж┐рж▓рж╛ржоред ржпрж╛ржЗ рж╣рзЛржХ ржнрж╛рж▓",Positive
ржПржЗ рж░рзЗржЮрзНржЬ ржП ржорзЛржЯрж╛ржорзБржЯрж┐ред ржбрзЗрж▓рж┐ржнрж╛рж░рж┐ рждрж╛рж░рж╛рждрж╛рзЬрж┐ ржкрж╛ржЗржЫрж┐ред,Positive
"ржкрзНрж░рж┐ржорж┐рзЯрж╛ржо ржмрж▓рзЗ ржмрж┐ржЬрзНржЮрж╛ржкржи ржжрж┐рзЯрзЗржЫрзЗржи , ржжрж╛ржо рж╣рж┐рж╕рж╛ржмрзЗ ржЯрзНрж░рж┐ рж╢рж╛рж░рзНржЯ ржЖрж░ ржнрж╛рж▓ рж╣ржУрзЯрж╛ ржжрж░ржХрж╛рж░ред",Negative
ржжрж╛ржо ржЕржирзБржпрж╛ржпрж╝рзА ржЖрж╢рж╛ржирзБрж░рзБржк рж╣рж▓рзЛржирж╛ред ржкрзНрж░ржержо ржзрзЛрзЯрж╛рж░ ржжрж┐ржи ржерзЗржХрзЗржЗ рж░ржВ ржЙржарзЗ ржпрж╛рзЯред ржкрзНрж░рждрж┐ржмрж╛рж░ ржзрзЛрзЯрж╛рж░ рж╕ржорзЯ рж░ржВ ржЙржарзЗред ржмрзЗрж╢рж┐ ржжрж┐ржи ржкрж░рж╛ ржпрж╛ржмрзЗржирж╛ рж░ржВ ржЪрж▓рзЗ ржпрж╛ржмрж╛рж░ ржХрж╛рж░ржгрзЗред,Negative
"ржЫрзЛржЯ ржПржХржЯрж╛ ржЫрж┐ржжрзНрж░, ржмрзЗрж╢рж┐ ржмрзЬ ржирж╛, ржЕржирж▓рж╛ржЗржирзЗрж░ ржкрзНрж░рзЛржбрж╛ржХрзНржЯрждрзЛ ржПрж╕ржм ржЫрзЛржЯржЦрж╛ржЯрзЛ ржЫрж┐ржжрзНрж░ржпрзБржХрзНржд ржЬрж╛ржорж╛ ржврзБржХрж╛ржЗ ржжрж┐рж▓рзЗржУ рж╕ржорж╕рзНржпрж╛ ржирж╛ржЗред",Negative
ржЫржмрж┐рждрзЗ ржпрзЗржоржи ржПрж░ржХржо ржкрж╛ржЗржирж┐,Negative
ржЖржорж╛рж░ ржЕржирзЗржХ ржкржЪржирзНржж рж╣ржпрж╝рзЗржЫрзЗ ,Positive
ржнрж╛рж▓рзЛ ржирж╛ ржмрзЗрж╢рж┐ ржПржХржЯрж╛,Negative
ржпрзЗржЯрж╛ ржЕрж░рзНржбрж╛рж░ ржХрж░ржЫрж┐ рж╕рзЗржЯрж╛ ржкрзЗрзЯрзЗржЫрж┐ ЁЯе░ ржЖрж░ ржкржирзНржпрзЗрж░ ржорж╛ржи рж╕рж╛ржЙржирзНржб ржХрзЛрзЯрж╛рж▓рж┐ржЯрж┐ ржЕрж╕рж╛ржзрж╛рж░ржиЁЯе░тЭдя╕П,Positive
"ржЗрзЯрж╛рж░ржлрзЛржиржЯрж┐ ржЕржирзЗржХ ржнрж╛рж▓рзЛ рж▓рзЗржЧрзЗржЫрзЗ рж╕рж╛ржЙржирзНржб ржХрзЛрзЯрж╛рж▓рж┐ржЯрж┐ ржнрж╛рж▓рзЛ, рж╕рж╛ржерзЗ ржбрж╛ржмрж▓ ржорж╛ржЗржХрзНрж░рзЛржлрзЛржиред ржЕржирж▓рж╛ржЗржи ржЧрзЗржо ржЦрзЗрж▓рж╛рж░ ржЬржирзНржп ржЦрзБржм ржХрж╛ржЬрзЗ ржжрж┐ржЪрзНржЫрзЗ, ржЖржорж┐ ржорзБрж▓ржд ржкрж╛ржмржЬрж┐ ржЦрзЗрж▓рж┐ ржПржирж┐ржорж┐рж░ ржкрж╛рзЯрзЗрж░ рж╢ржмрзНржж ржирж┐ржЦрзБржБржд ржнрж╛ржмрзЗ рж╢рзЛржирж╛ ржпрж╛ржЪрзНржЫрзЗред",Positive
ржЖржорж┐ ржЖржорж╛рж░ рж╕ржарж┐ржХ ржЬрж┐ржирж┐рж╕ ржЯрж┐тАМ ржкрзЗржпрж╝рзЗржЫрж┐,Positive
"ржПржЗржЯрж╛ ржПржХржЯрж╛ ржорж╛рж▓ ржЕрж╕рзНржерж┐рж░ ржЬрж┐ржирж┐рж╕ред ржпрзЗржоржи ржЖрж╕рж╛ ржХрж░ржЫрж┐ рждрж╛рж░ ржерзЗржХрзЗржУ ржнрж╛рж▓рзЛ ржорж╛рждрзНрж░ рззржжрж┐ржирзЗ ржбрзЗрж▓рж┐ржнрж╛рж░рж┐ ржкрзЗрзЯрзЗржЫрж┐, ржПржХрзНржЯрж┐ржн ржПржмржВ рж╣рзЗрж▓рзНржлрзБрж▓ рж╕рзЗрж▓рж╛рж░ред",Positive
ржХрзЛрзЯрж╛рж▓рж┐ржЯрж┐ ржбрж┐ржЬрж╛ржЗржи рж╕ржм ржХрж┐ржЫрзБ ржЖрж▓рж╣рж╛ржоржжрзБрж▓рж┐рж▓рзНрж▓рж╛рж╣ рждрж╛ржЫрж╛рзЬрж╛ L рж╕рзЗржк ржкрзНрж▓рж╛ржЧ ржЧрзЗржо ржЦрзЗрж▓рж╛рж░ ржЬржирзНржп ржЕржирзЗржХ рж╣рзЗрж▓рзНржкржлрзБрж▓ ржЖржорж┐ рж╕ржирзНрждрзБрж╖рзНржЯ,Positive
"ржЕрж╕рж╛ржзрж╛рж░ржг ржЗрзЯрж╛рж░ржлрзЛржи, ржЧрзЗржорж┐ржВ ржПржХрзНрж╕ржкрзЗрж░рж┐рзЯрзЗржирзНрж╕ ржжрзБрж░рзНржжрж╛ржирзНржд ЁЯдй рж╕рзЗрж▓рж╛рж░ рж╕рж╛ржерзЗ ржПржХржЯрж┐ ржкрж╛рж░ржлрж┐ржЙржо ржЧрж┐ржлржЯ ржХрж░ржЫрзЗ, ржзржирзНржпржмрж╛ржжред",Positive
ржкрзНрж░ржержорзЗ ржкрзНржпрж╛ржХрзЗржЬрж┐ржВ ржирж┐рзЯрзЗ ржХрж┐ржЫрзБ ржХржерж╛ рж╕рзЗрж▓рж╛рж░ ржЦрзБржм ржпрждрзНржи ржХрж░рзЗ ржмржХрзНрж╕рзЗ ржжрж┐рзЯрзЗ ржкрж╛ржарж┐рзЯрзЗржЫрзЗ ржПржЬржирзНржп ржЕржирзЗржХ ржзржирзНржпржмрж╛ржж ржЗрзЯрж╛рж░ржлрзЛржирзЗрж░ ржХрзЛрзЯрж╛рж▓рж┐ржЯрж┐ ржорж╛рж╢рж╛рж▓рзНрж▓рж╛рж╣ред ржпрзЗржЦрж╛ржирзЗ рж╣рж╛ржЬрж╛рж░рзЗрж░ ржирж┐ржЪрзЗ ржнрж╛рж▓рзЛ ржЧрзЗржорж┐ржВ ржЗрзЯрж╛рж░ржлрзЛржи ржкрж╛ржУрзЯрж╛ ржпрж╛рзЯржирж╛ рж╕рзЗржЦрж╛ржирзЗ ржПржЗ ржжрж╛ржорзЗ ржЗрзЯрж╛рж░ржлрзЛржЯрж╛ ржкрзНрж░рж╢ржВрж╕рж╛рж░ ржжрж╛ржмрж┐ржжрж╛рж░ред ,Positive
"ржжрзБржЗржЯрж╛ ржирж┐рж▓рж╛ржо редржнрж╛рж▓рзЛ ржЫрж┐рж▓ , ржЖрж░рзЗржХ ржЯрзБ ржмржбрж╝ рж╣рж▓рзЗ ржнрж╛рж▓рзЛ рж╣рждред ржжрзЗржЦрж╛ ржпрж╛ржХ ржПржЦржи ржХржд ржжрж┐ржи ржпрж╛ржпрж╝ ред",Positive
ржзржирзНржпржмрж╛ржж ржжрж╛рж░рж╛ржЬржХрзЗ ржкржгрзНржп ржЯрж┐ ржжрзНрж░рзБржд ржкрзМржБржЫрзЗрзЯрзЗ ржжрзЗржмрж╛рж░ ржЬржирзНржпредрждржмрзЗ ржкрж╛ржирж┐ ржнрж░рж╛ржирзЛрж░ ржЬржирзНржп ржХрж┐ржЫрзБ ржПржХржЯрж╛ ржжрж┐рж▓рзЗ ржЖрж░рзЛ ржнрж╛рж▓рзЛ рж╣рждрзЛред ржХрж╛рж░ржи рж╣ржЯ ржмрзНржпрж╛ржЧрзЗрж░ ржкрж╛ржирж┐ ржнрж░рж╛ржирзЛрж░ ржлрзБржЯрзЛ ржЫрзЛржЯрзНржЯ рж╣ржмрж╛рж░ ржХрж╛рж░ржирзЗ ржкрж╛ржирж┐ ржнрж░рждрзЗ рж╕ржорж╕рзНржпрж╛ рж╕рзГрж╖рзНржЯрж┐ рж╣ржЪрзНржЫрзЗ ржПржмржВ ржмрзНржпрж╛ржЧржЯрж┐ ржнрж┐ржЬрзЗ ржпрж╛ржЪрзНржЫрзЗред ржкрж╛рж╢рж╛ржкрж╛рж╢рж┐ рж░рж╛ржЗржбрж╛рж░рзЗрж░ ржмрзНржпржмрж╣рж╛рж░ ржнрж╛рж▓рзЛ ржЫрж┐рж▓рзЛ,Positive
ржЖрж▓рж╣рж╛ржоржжрзБрж▓рж┐рж▓рзНрж▓рж╛рж╣ ржжрж╛рж░рж╛ржЬ ржерзЗржХрзЗ ржПржЯрж╛ ржЖржорж╛рж░ рззрзлрждржо ржХрзЗржирж╛ржХрж╛ржЯрж╛редржмрж░рж╛ржмрж░рзЗрж░ ржорждрзЛржЗ ржПржмрж╛рж░ ржУ ржЖрж▓рж╣рж╛ржоржжрзБрж▓рж┐рж▓рзНрж▓рж╛рж╣ ржарж┐ржХржарж╛ржХржнрж╛ржмрзЗ ржкрзНрж░ржбрж╛ржХрзНржЯ ржкрзЗрзЯрзЗржЫрж┐ред ржзржирзНржпржмрж╛ржж ржжрж╛рж░рж╛ржЬржХрзЗ ржПрждрзНржд ржХржо ржжрж╛ржорзЗ ржЖрж░ рж╕ржорзЯрзЗ ржПрждрзНржд ржнрж╛рж▓рзЛ рж╕рж╛рж░рзНржнрж┐рж╕ ржжрзЗрзЯрж╛рж░ ржЬржирзНржп,Positive
ржжрзНрж░рзБржд ржбрзЗрж▓рж┐ржнрж╛рж░рж┐ ржжрзЗржУржпрж╝рж╛рж░ ржЬржирзНржп ржзржирзНржпржмрж╛ржжред ржкрзНрж░рзЛржбрж╛ржХрзНржЯ ржЦрзБржм ржнрж╛рж▓ ржЫрж┐рж▓ред рж╕рзЗрж▓рж╛рж░ржУ ржжрж╛рж░рж╛ржЬ ржХрзЗ ржзржирзНржпржмрж╛ржжред,Positive
рж╕рзЗрж▓рж╛рж░ ржнрж╛рж▓рзЛред ржкрзНрж░ржбрж╛ржХрзНржЯржУ ржнрж╛рж▓рзЛред ржорж╛рждрзНрж░ рззрзмрзл ржЯрж╛ржХрж╛ ржжрж╛ржорзЗ ржнрж╛рж▓рзЛ ржЬрж┐ржирж┐рж╕ред,Positive
ржПржЯрж╛рзЯ ржЪрж╛рж░рзНржЬрж╛рж░ ржПржмржВ ржкрж╛ржирж┐ ржнрж░рж╛рж░ ржЬржирзНржп ржПржХржЯрж╛ ржХрзМржЯрж╛ ржорж┐рж╕рж┐ржВред,Negative
ржмрзЗрж╢ ржнрж╛рж▓рзЛ ржмрзНржпрж╛ржЧред рж╕рзЗрж▓рж╛рж░ ржнрж╛рж▓рзЛ рж░рзЗржХрзЛржорзЗржирзНржбрзЗржЯредтЩея╕П,Positive
ржЦрзБржм ржнрж╛рж▓рзЛ ржЫрж┐рж▓рзЛ ржЖрж░ ржЦрзБржм рж╕рзБржирзНржжрж░,Positive
ржжрж╛рж░ржи ржПржХржЯрж┐ ржкрзЛржбрж╛ржХрзНржЯ рж╕ржмрж╛ржЗ ржирж┐рждрзЗ ржкрж╛рж░рзЗржиредржПржЯрж┐ ржХрзЛрзЯрж╛рж▓рж┐ржЯрж┐ ржЕржиржкржХ ржнрж╛рж▓ред,Positive
ржмрзЗрж╢рж┐ ржЪрж╛ржк ржкрж░рж▓рзЗ ржкрж╛ржирж┐ рж▓рж┐ржХ ржХрж░рзЗред,Negative
ржнрж╛рж▓рзЛ ржЫрж┐рж▓,Positive
ржЖрж▓рж╣рж╛ржоржжрзБрж▓рж┐рж▓рзНрж▓рж╛рж╣ред ржкржирзНржп рж╣рж╛рждрзЗ ржкрж╛ржУрзЯрж╛рж░ ржкрж░ ржЦрзБржм ржнрж╛рж▓рзЛ рж▓рж╛ржЧрж▓рзЛ ред рж╕рждрзНржпрж┐ржЗ рж╕рзЗрж▓рж╛рж░ ржнрж╛ржЗ ржЕржирзЗржХ ржнрж╛рж▓рзЛ ржпрзЗржоржи ржЯрж╛ ржЪрзЗрзЯрзЗржЫрж┐ рждрзЗржоржи ржЯрж╛ржЗ ржкрзЗрзЯрзЗржЫрж┐ рж╕ржм ржжрж┐ржХ ржерзЗржХрзЗ ржнрж╛рж▓рзЛ ржЫрж┐рж▓рзЛ рж╕рж╛ржерзЗ ржПржХржЯрж╛ ржорзЛржмрж╛ржЗрж▓ рж╕рзНржЯрж╛ржи ржлрзНрж░рж┐ ржкрзЗрж▓рж╛ржо ред рж╕рж╛ржЙржирзНржб ржХрзЛржпрж╝рж╛рж▓рж┐ржЯрж┐ ржмрзЗржЬ ржХрзЛржпрж╝рж╛рж▓рж┐ржЯрж┐ рж╕ржм ржарж┐ржХржарж╛ржХред ржзржирзНржпржмрж╛ржж ржжрж╛рж░рж╛ржЬ ржмрж╛ржВрж▓рж╛ржжрзЗрж╢ ржзржирзНржпржмрж╛ржж рж╕рзЗрж▓рж╛рж░,Positive
ржЖрж▓рж╣рж╛ржоржжрзБрж▓рж┐рж▓рзНрж▓рж╛рж╣ ржЕржирзЗржХ ржнрж╛рж▓рзЛ ржПржХржЯрж╛ ржкрзНрж░рзЛржбрж╛ржХрзНржЯ ржПржЗ ржжрж╛ржорзЗ ржПрж░ржХржо ржкрзНрж░рзЛржбрж╛ржХрзНржЯ ржкрж╛ржм ржХржЦржирзЛ ржЖрж╢рж╛ ржХрж░рж┐ржирж┐ ржзржирзНржпржмрж╛ржж ржжрж╛рж░рж╛ржЬ ржнрж╛рж▓рзЛ ржкрзНрж░рзЛржбрж╛ржХрзНржЯ ржжрзЗржУржпрж╝рж╛рж░ ржЬржирзНржп,Positive
ржЯрж╛ржХрж╛ рж╣рж┐рж╕рзЗржмрзЗ ржкрзНрж░ржбрж╛ржХрзНржЯ ржПрж░ ржХрзЛрзЯрж╛рж▓рж┐ржЯрж┐ ржЕржирзЗржХ ржнрж╛рж▓рзЛредржпрзЗржЗ ржХрзЗржЙ ржЪрж╛ржЗрж▓рзЗ ржирж┐рждрзЗ ржкрж╛рж░рзЗржиред,Positive
ржЕрж░рзНржбрж╛рж░ ржХрж░рзЗржЫрж┐ ржПржХрж░ржХржо рж╣рзЗржбржлрзЛржи ржжрж┐ржпрж╝рзЗржЫрзЗ ржЕржирзНржпрж░ржХржо ржЬржШржирзНржпрждржо ржжрзБржЗржЯрж┐ рж╣рзЗржбржлрзЛржи ржпрж╛рж░ ржХрзЛржпрж╝рж╛рж▓рж┐ржЯрж┐ ржЫрж┐рж▓ ржЦрзБржмржЗ ржмрж╛ржЬрзЗ ржПржнрж╛ржмрзЗ ржорж╛ржирзБрж╖рзЗрж░ рж╣ржпрж╝рж░рж╛ржирж┐ ржХрж░ржмрзЗржи ржирж╛ред,Negative
ржЦрзБржм ржжрзНрж░рзБрждржЗ рж╣рж╛рждрзЗ ржкрзЗрзЯрзЗржЫрж┐ред ржжрж╛ржо рж╣рж┐рж╕рзЗржмрзЗ ржкрзНрж░рзЛржбрж╛ржХрзНржЯржЯрж┐ ржЦрж╛рж░рж╛ржк ржирж╛ред рж╕рж╛ржЙржирзНржб ржХрзЛрзЯрж╛рж▓рж┐ржЯрж┐ ржУ ржорзЛржЯрж╛ржорзБржЯрж┐ ржнрж╛рж▓рзЛредЁЯЩВЁЯЩВ,Positive
"ржмрж╛ржЬрж┐рзЯрзЗ ржжрзЗржЦрж▓рж╛ржо ржЕржирзЗржХ ржнрж╛рж▓рзЛ, ржПржЗ ржжрж╛ржорзЗ ржЕржирзЗржХ ржнрж╛рж▓рзЛ",Positive
ржЦрзБржм рж╕рзБржирзНржжрж░ ржПржХржЯрж┐ ржмрзНржпрж╛ржЧ ржжрж╛рж░рж╛ржЬ ржХрзЗ ржзржирзНржпржмрж╛ржж,Positive
ржжрж╛ржо ржЕржирзБржпрж╛рзЯрзА ржнрж╛рж▓рзЛ редрждржмрзЗ ржПржХржЯрзБ ржЫрзЛржЯ ред,Positive
ржпрзЗржЯрж╛ ржЪрзЗрзЯрзЗржЫрж┐ рж╕рзЗржЯрж╛ ржжрзЗржи ржирж┐ред,Negative
ржмрзНржпрж╛ржЧржЯрж┐ рж╕рзБржирзНржжрж░!,Positive
ржПржЯрж┐ ржмрж┐рж▓рзНржб ржХрзЛрзЯрж╛рж▓рж┐ржЯрж┐ ржжрж╛ржо ржЕржирзБржпрж╛рзЯрзА ржПржХржжржоржЗ ржнрж╛рж▓рзЛ ржирж╛рж╣рзН,Negative
ржмрзНржпрж╛ржЧрзЗрж░ рж╣рж╛рждрж▓рзЗ рж╣рж╛рж▓ржХрж╛ ржирзЗржЯ рждрзЗржоржи рж╢ржХрзНржд ржирж╛рж╣рзН.... рждржмрзЗ ржЪрж▓рзЗ! ржЖрж░ ржмрж╛ржХрж┐ рж╕ржм ржарж┐ржХ ржЖржЫрзЗ!,Positive
ржнрж╛рж▓рзЛржЗ ржЫрж┐рж▓рзЛЁЯСН,Positive
ржжрж╛ржо ржЕржирзБржпрж╛ржпрж╝рзА ржПржХржжржо ржкрж╛рж░ржлрзЗржХрзНржЯ,Positive
"ржПржХржжржо ржЫрзЛржЯ ржмрзНржпрж╛ржЧ, ржЫржмрж┐рждрзЗ ржпрж╛ ржжрзЗржЦрзЗржЫрж┐ ржмрж╛рж╕рзНрждржмрзЗ рждрж╛ ржирж╛...ржЦрзБржмржЗ ржмрж╛ржЬрзЗ (ржмрзЯржХржЯ ржХрж░рж▓рж╛ржо)",Negative
"ржЦрзБржм ржЫрзЛржЯ, ржПржХржжржо ржлрж╛рж▓рждрзБ, ржХрзЗржЙ ржХрж┐ржиржмрзЗржи ржирж╛",Negative
ржХрж╛ржкрзЬ ржнрж╛рж▓рзЛ ржирж╛ред ржкрж▓рж┐рж╕рзНржЯрж╛рж░ ржлрзЗржмрзНрж░рж┐ржХред ,Negative
ржПржХржмрж╛рж░рзЗ ржмрж╛ржЬрзЗ ржХрж╛ржкрж░ ржПрж░ ржЖржЧрзЗржУ ржПржХржЯрж╛ ржкрзНржпрж╛ржирзНржЯ ржЖржиржЫрж┐рж▓рж╛ржо ржПрж░ржХржо ржмрж╛ржЬрзЗ ржкрж░рж╕рзЗред ржжрж╛рж░рж╛ржЬрзЗрж░ ржкржирзНржпрзЗрж░ ржоржзрзНржпрзЗ ржХрж╛ржкрж░ ржПржХржЯрзБ ржУ ржнрж╛рж▓ржирж╛редред,Negative
ржпрзЗржЯрж╛ ржЕрж░рзНржбрж╛рж░ ржХрж░рзЗржЫрж┐рж▓рж╛ржо рж╕рзЗржЯрж╛ржЗ ржкрзЗрзЯрзЗржЫрж┐ред ржжрж╛ржо рж╣рж┐рж╕рзЗржмрзЗ ржпржерзЗрж╖рзНржЯ ржнрж╛рж▓рзЛ ржкржгрзНржпред ржорж╛ржиржУ рж╕ржирзНрждрзЛрж╖ржЬржиржХред ржЖржорж╛рж░ ржмржЙ ржЦрзБржмржЗ ржкржЫржирзНржж ржХрж░рзЗржЫрзЗред ржкржгрзНржпржЯрж┐ ржирж┐рж╢рзНржЪрж┐ржирзНрждрзЗ ржХрж┐ржирждрзЗ ржкрж╛рж░рзЗржиред ЁЯСМЁЯСМЁЯСМ,Positive
"ржПржЗ ржкрзНрж░ржержо ржЖржорж╛рж░ рж╕рж╛ржерзЗ ржкрзНрж░рждрж╛рж░ржирж╛ ржХрж░рж▓рзЛ, ржУрж░рзНржбрж╛рж░ ржУржбрзЗрж▓рж┐ржнрж╛рж░рж┐ ржЪрж╛рж░рзНржЬ рж╕рж╣ ржжрж╛ржо ржжрж┐рзЯрзЗржЫрзЗ, ржЕржержЪрзЛ ржжрж╛ржо ржирж┐ржЫрзЗ ржЖрж░рзЛ рзнрзж/ ржмрзЗрж╢рж┐!",Negative
ржЫржмрж┐рждрзЗ ржпрзЗржЗ рж░ржХржо ржжрзЗржЦрзЗржЫрж┐ рж╕рзЗржЗ рж░ржХржо ржП ржкрзЗрзЯрзЗржЫрж┐ред ржЦрж╛рж░рж╛ржк ржирж╛ ржорзЛржЯрж╛ржорзБржЯрж┐ ржнрж╛рж▓рзЛ,Positive
ржнрж╛рж▓рзЛ рж▓рзЗржЧрзЗржЫрзЗред рждржмрзЗ ржХрж╛ржкрзЬржЯрж╛ ржЖрж░ ржПржХржЯрзБ ржнрж╛рж▓рзЛ рж╣рж▓рзЗ ржнрж╛рж▓ рж╣рждрзЛред ржХрзЗржирж╛ ржпрж╛рзЯ рззрзжрзжтДЕ,Positive
ржирж┐ржГрж╕ржирзНржжрзЗрж╣рзЗ ржирж┐рждрзЗ ржкрж╛рж░рзЗржи ржЕржирзЗржХ ржнрж╛рж▓рзЛ ржбрж┐ржЬрж╛ржЗржи ржЯрж╛ ржЦрзБржм рж╕рзБржирзНржжрж░редред ржпрзЗржоржи ржЪрж╛ржЗржЫрж┐ ржарж┐ржХ рждрзЗржоржирж┐ ржкрж╛ржЗржЫрж┐ ,Positive
"ржЦрзБржмржЗ ржнрж╛рж▓рзЛ ржмрзЗржбрж╢рж┐ржЯ, ржЖржорж╛рж░ рзирзпрзл ржЯрж╛ржХрж╛ ржкрзЬрзЗржЫрзЗред ржПржЗ ржжрж╛ржорзЗ рззрзз/рззрзжред ржжрзНрж░рзБржд ржкрзЗрзЯрзЗржЫрж┐ред ржХрзЗржЙ ржЪрж╛ржЗрж▓рзЗ ржирж┐рждрзЗ ржкрж╛рж░рзЗржиред рждржмрзЗ ржЦрзБржм ржмрзЗрж╢рж┐ ржорзЛржЯрж╛ ржХрж╛ржкрзЬ ржирж╛ред ржХрж┐ржирзНрждрзБ ржПржЗ ржжрж╛ржорзЗ ржПрж░ ржЪрзЗрзЯрзЗ ржмрзЗрж╢рж┐ ржЖрж╢рж╛ ржХрж░рж╛ ржпрж╛рзЯ ржирж╛ред рзлтШЕ ржЖржорж╛рж░ ржкржХрзНрж╖рзЛ ржерзЗржХрзЗред",Positive
"рж╕рзЗрж▓рж╛рж░ржХрзЗ ржзржирзНржпржмрж╛ржжред ржкрзНрж░рзЛржбрж╛ржХрзНржЯрзЗрж░ рж╕рж╛ржерзЗ ржЫржмрж┐, ржкржирзНржпрзЗрж░ ржмрж░рзНржиржирж╛рж░ ржорж┐рж▓ ржЖржЫрзЗред рзи ржжрж┐ржирзЗ ржкрзЗрзЯрзЗржЫрж┐ред ржПржЗ рж╕рзЗрж▓рж╛рж░ ржерзЗржХрзЗ ржирзЗржУрзЯрж╛рж░ ржЬржирзНржп рж░рж┐ржХржорзЗржирзНржб ржерж╛ржХржмрзЗред ",Positive
ржжрж╛ржо ржЕржирзБржпрж╛рзЯрзА ржЖрж░ржУ ржПржХржЯрзБ ржнрж╛рж▓рзЛ ржЖрж╢рж╛ ржХрж░рзЗржЫрж┐рж▓рж╛ржоред ржорзЯрж▓рж╛ ржзрж░ржмрзЗ ржмрзЗрж╢рж┐ред рждржмрзЗ рж╕рзЗрж▓рж╛рж░ржХрзЗ ржзржирзНржпржмрж╛ржж ржпрзЗржоржи ржжрзЗржЦрж╛ржЗржЫрзЗ рждрзЗржоржи ржкрзЗрзЯрзЗржЫрж┐ред,Positive
ржжрж╛ржорзЗрж░ рждрзБрж▓ржирж╛ржпрж╝ ржорж╛ржирзЗ ржХрж╛ржкржбрж╝ ржнрж╛рж▓рзЛ,Positive
ржЖржорж┐ рж╕рждрзНржпржЗ ржЕржмрж╛ржХ ржПржоржи ржХрж┐ ржХрж░рзЗ рж╣рзЯредржЪрж╛ржЗрж▓рж╛ржо ржПржХржЯрж╛ рж╣рж▓рзЛ рждрж╛рж░ ржкрзБрж░рзЛ ржЙрж▓ржЯред,Negative
ржжрж╛ржо рж╣рж┐рж╕рзЗржмрзЗ ржорзЛржЯрж╛ржорзБржЯрж┐ ржнрж╛рж▓рзЛржЗред ржпрзЗрж░ржХржо ржжрзЗржЦрж╛ржирзЛ рж╣рзЯрзЗржЫрзЗ рж╕рзЗржЗ рж░ржХржо,Positive
рж╕рзЗрж▓рж╛рж░ ржУ ржжрж╛рж░рж╛ржЬржХрзЗ ржзржирзНржпржмрж╛ржжред ржжрж╛рж░рзБржи ржПржХржЯрж┐ ржкрзНрж░ржбрж╛ржХрзНржЯ ржжрзЗржУрзЯрж╛рж░ ржЬржирзНржпред ржХрж╛ржкрзЬржЯрж┐ ржЕрж╛ржорж╛рж░ ржЦрзБржмржЗ ржкржЫржирзНржж рж╣рзЯрзЗржЫрзЗред,Positive
ржжрзБржЯрзЛ ржмрж╛рж▓рж┐рж╢рзЗрж░ ржХржнрж╛рж░ ржжрзЗрзЯрж╛рж░ ржХржерж╛ ржерж╛ржХрж▓рзЗржУ ржЖржорж╛ржХрзЗ ржорж╛ржП ржПржХржЯрж╛ ржмрж╛рж▓рж┐рж╢рзЗрж░ ржХржнрж╛рж░ ржжрж┐рзЯрзЗржЫрзЗред,Negative
"ржмрзЗрж╢рж┐ ржнрж╛рж▓рзЛ рж╣ржпрж╝ ржирж╛ржЗ, ржмрж╛рж▓рж┐рж╢рзЗрж░ ржХрж╛ржнрж╛рж░ ржЯрж╛ ржЫрж┐ржбрж╝рж╛",Negative
ржжрзЗржЦрзБржи ржЪрзЗтАМрзЯрзЗтАМржЫрж┐ ржХрж┐ ржЖрж░ ржжрж┐тАМрзЯрзЗтАМржЫрзЗржи ржХрж┐ред ржЖржктАМржирж┐ ржирж┐тАМржЬрзЗржЗ ржорж┐рж▓рж╛ржи ржкрзНрж░рж┐рзЯ ржмрж┐тАМржХрзНрж░рзЗрждрж╛ ред,Negative
ржЫржмрж┐рждрзЗ ржпрзЗ рж░ржХржо ржжрзЗржЦрзЗржЫрж┐ рж╕рзЗржЗ рж░ржХржо ржкрзЗрзЯрзЗржЫрж┐ред рждржмрзЗ ржмрзЗржбрж╢рж┐ржЯ ржХрж╛ржкрзЬрзЗрж░ ржорж╛ржи ржнрж╛рж▓рзЛ ржирж╛ред,Positive
ржжрж╛ржо рж╣рж┐рж╕рзЗржмрзЗ ржЦрзБржмржЗ рж╕рзБржирзНржжрж░ рж╣рзЯрзЗржЫрзЗ,Positive
ржорзЛржЯрж╛ржорзБржЯрж┐ ржарж┐ржХ ржЖржЫрзЗ рз╖ ржХрж╛ржкржбрж╝ ржмрзЗрж╢ ржкрж╛рждрж▓рж╛ рз╖ рж╕рж╛ржЗржЬ ржпрж╛ ржЖржЫрзЗ ржЪрж▓рзЗ рз╖рз╖,Positive
ржПржХ ржХржерж╛рзЯ ржЕрж╕рж╛ржзрж╛рж░ржг ЁЯСМ,Positive
ржжрж╛ржо ржЕржирзБржпрж╛рзЯрзА ржорзЛржЯрж╛ржорзБржЯрж┐ ржЫрж┐рж▓ред ржЖрж░ ржПржХржЯрзБ ржнрж╛рж▓ ржЖрж╢рж╛ ржХрж░ржЫрж┐рж▓рж╛ржоред,Positive
ржЦрзБржм ржЦрж╛рж░рж╛ржк ржЕржмрж╕рзНржерж╛ред ржЕржирзЗржХ ржЬрж╛рзЯржЧрж╛рзЯ ржлрзЗрж╕рзЗ ржЧрзЗржЫрзЗред,Negative
ржЕржирзЗржХ ржнрж╛рж▓рзЛ ржзржирзНржпржмрж╛ржж ржжрж╛рж░рж╛ржЬржХрзЗ,Positive
"ржПржХржжржо ржмрж╛ржЬрзЗ ржкрзНрж░рзЛржбрж╛ржХрзНржЯредржкрж╛рждрж▓рж╛ ржХрж╛ржкржбрж╝, ржорж╛ржирзЗ ржЦрзБржм ржмрзЗрж╢рж┐ ржкрж╛рждрж▓рж╛редржПржкрж╛рж╢ ржерзЗржХрзЗ ржЖрж░рзЗржХ ржкрж╛рж╢ ржжрзЗржЦрж╛ ржпрж╛ржпрж╝ред",Negative
ржЖржорж┐ ржХрж┐ ржЕрж░рзНржбрж╛рж░ ржХрж░рзЗржЫрж┐? ржЖрж░ ржЖржорж╛ржХрзЗ ржжрж┐ржпрж╝рзЗржЫрзЗ ржХрж┐? ржЖржорж┐ ржПржЯрж╛ ржжрж┐ржпрж╝рзЗ ржХрж┐ ржХрж░ржмрзЛ ржкрзНрж░рж╢рзНржи рж░рзЗржЦрзЗ ржЧрзЗрж▓рж╛ржо,Negative
ржЦрзБржм ржмрж╛ржЬрзЗ ржХрзЛрзЯрж╛рж▓рж┐ржЯрж┐ред ржПржЯрж╛ ржирзЗржУрзЯрж╛рж░ ржерзЗржХрзЗ ржЯрж╛ржХрж╛ ржЯрж╛ ржлрзЗрж▓рзЗ ржжрзЗржУрзЯрж╛ ржоржирзЗ рж╣рзЯ ржнрж╛рж▓ рж╣ржмрзЗред,Negative
ржЦрж╛рж░рж╛ржк ржирж╛ ржнрж╛рж▓рзЛржЗ рждржмрзЗ ржжрж╛ржо ржЖрж░рзЗржХржЯрзБ ржХржо рж░рж╛ржЦрж▓рзЗ ржмрзЗржЯрж╛рж░ рж╣рждрзЛред,Positive
ржПржЗ ржжрж╛ржорзЗрж░ ржнрж┐рждрж░ рж╕рзЗрж░рж╛ рз╖ ржХрж╛рж▓рж╛рж░ ржкржЫржирзНржж ржоржд ржжрж┐рзЯрзЗржЫрзЗржи рз╖ ржзржирзНржпржмрж╛ржж рж╕рзЗрж▓рж╛рж░ ржнрж╛ржЗ,Positive
ржорзЛржЯрж╛ржорзБржЯрж┐ред ржмрзЗрж╢рж┐ ржнрж╛рж▓рзЛ ржирж╛ ржЖржмрж╛рж░ ржмрзЗрж╢рж┐ ржЦрж╛рж░рж╛ржк ржУ ржирж╛ред,Positive
ржЕрж╕ржорзНржнржм ржкрж╛рждрж▓рж╛ред рж╢рзАрждржХрж╛рж▓рзЗ ржмрзНржпржмрж╣рж╛рж░рзЗрж░ ржЕржирзБржкржпрзЛржЧрж┐,Negative
ржЖрж▓рж╣рж╛ржоржжрзБрж▓рж┐рж▓рзНрж▓рж╛рж╣ ржжрж╛ржо рж╣рж┐рж╕рзЗржмрзЗ ржнрж╛рж▓ ржЫрж┐рж▓ред,Positive
ржкрзНрж░ржбрж╛ржХрзНржЯ ржнрж╛рж▓ржЗ ржЫрж┐рж▓ ржЗржЙржЬ ржХрж░рзЗ ржоржЬрж╛ ржкрзЗржпрж╝рзЗржЫрж┐,Positive
ржПржХржжржо ржмрж╛ржЬрзЗ ржкрзНрж░ржбрж╛ржХрзНржЯ ржПржХржжржо ржкрж╛рждрж▓рж╛,Negative
ржЕржбрж╛рж░ ржжрж┐рж▓рж╛ржо ржПржХ рж░ржХржо ржжрж┐рж▓рзЗржи ржЖрж░ ржПржХрж░ржХржо ржлрж╛ржЗржЬрж▓рж╛ржорж┐ ржПржХржЯрж╛ рж╕рж┐ржорж╛ ржерж╛ржХрзЗ,Negative
"ржЦрзБржм ржмрж╛ржЬрзЗ,ржЯрж╛ржЙржЯ ржмрж╛ржЯржкрж╛рж░ ржкрзНрж░рждрж╛рж░ржХ рж╕рзЗрж▓рж╛рж░,ржпрзЗржЯрж╛ ржЪрж╛ржЗржЫрж┐ рж╕рзЗржЯрж╛ ржжрзЗрзЯржирж╛ржЗ, ржмрж╛ржЬрзЗ ржПржХржЯрж╛ ржЬрзБрждрж╛ ржжрж┐ржЫрзЗ,,рж╕рж╛ржмржзрж╛ржи ржХрзЗржЙ ржХрж┐ржиржмрзЗржи ржирж╛ ржПржжрзЗрж░ ржХрж╛ржЫ ржерзЗржХрзЗ",Negative
ржЪрзЗрзЯрзЗ ржЫрж┐рж▓рж╛ржо рж▓рж╛рж▓ ржЬрзБрждрж╛ ржжрж┐рзЯрзЗ ржжрж┐рж▓рзЛ ржХрж╛рж▓рзЛред ржжрзЗржЦрзЗрзЯрж╛ ржПржХ ржирж╛ржоржмрж╛рж░ ржЬрзБрждрж╛ред ржжрж┐рзЯрзЗ рзй ржирж╛ржоржмрж╛рж░ред,Negative
ржжрж╛ржо ржЕржирзБржпрж╛ржпрж╝рзА ржорзЛржЯрж╛ржорзБржЯрж┐ ржнрж╛рж▓рзЛред ржЖржкржирж╛рж░рж╛ржУ ржХрж┐ржирждрзЗ ржкрж╛рж░рзЗржи ржХрзЛржи рж╕ржорж╕рзНржпрж╛ ржирж╛ржЗред ржзржирзНржпржмрж╛ржж ржжрж╛рж░рж╛ржЬ ржзржирзНржпржмрж╛ржжредржнрж╛ржЗ ржПрж░ржХржо ржкрзНрж░рзЛржбрж╛ржХрзНржЯ ржжрж┐ржмрзЗржи рждрж╛рж╣рж▓рзЗ ржЖржорж░рж╛ ржмрзЗрж╢рзА ржмрзЗрж╢рзА ржХрж┐ржиржм,Positive
ржжрж╛ржо рж╣рж┐рж╕рзЗржмрзЗ ржнрж╛рж▓рзЛ рж╣ржпрж╝рзЗржЫрзЗ ржЖрж▓рж╣рж╛ржоржжрзБрж▓рж┐рж▓рзНрж▓рж╛рж╣ред ржкржЫржирзНржж рж╣ржпрж╝рзЗржЫрзЗ ред ржПржЗ ржжрж╛ржорзЗ ржПрж░ ржерзЗржХрзЗ ржнрж╛рж▓ ржЖрж╢рж╛ ржХрж░рж╛ ржпрж╛ржпрж╝ ржирж╛ред,Positive
ржЕрж╕рж╛ржзрж╛рж░ржгред ржПржЗ ржжрж╛ржорзЗ ржмрзЗрж╕рзНржЯред ржирж┐рж░рзНржзрж┐ржзрж╛рзЯ ржЕрж░рзНржбрж╛рж░ ржХрж░рждрзЗ ржкрж╛рж░рзЗржиредржЖржорж┐ рззрзжрзж ржнрж╛ржЧ рж╕ржирзНрждрзБрж╖рзНржЯред ржзржирзНржпржмрж╛ржж ржжрж╛рж░рж╛ржЬред,Positive
"ржЪрж╛ржЗржЫрж┐ ржПржХ ржХрж╛рж▓рж╛рж░, рж╢рж╛рж▓рж╛рж░рж╛ ржжрж┐ржЫрзЗ ржЕржирзНржп ржХрж╛рж▓рж╛рж░, ржжрж╛рж░рж╛ржЬ рж╕ржорзНржкрзБрж░рзНржг ржлрж╛рж▓рждрзБ ржУ рзи ржирж╛ржорзНржмрж╛рж░, ржорж╛ржирзБрж╖ржХрзЗ ржаржХрж╛рзЯ",Negative
ржнрж╛ржЗ ржЖржорж┐ ржпрзЗржЗржЯрж╛ ржЪрж╛ржЗрж▓рж╛ржо рж╕рзЗржЗржЯрж╛ ржкрж╛ржЗржирж┐ ржХрж┐ ржХрж░ржмрзЛ ржмрж▓рзЗржи,Negative
"ржЖржорж┐ ржпрж╛ ржЪрзЗржпрж╝рзЗржЫрж┐ ржарж┐ржХ рждрж╛ржЗ ржкрзЗржпрж╝рзЗржЫрж┐, ржЕржирзЗржХ ржЕржирзЗржХ ржзржирзНржпржмрж╛ржж ржжрж╛рж░рж╛ржЬржХрзЗ",Positive
"ржЖржорж┐ ржпрзЗ ржнрж╛ржмрзЗ ржЪрзЗрзЯрзЗржЫрж┐ ржЯрж┐ржХ, ржПржХрж┐ рж░ржХржо ржкрзЗрзЯрзЗржЫрж┐ ржзржирзНржпржмрж╛ржж, ржбрж┐рж▓рж╛рж░ ржХрзЗ, ржзржирзНржпржмрж╛ржж ржПржЗ ржХрзЛржорзНржкрж╛ржирж┐ ржХрзЗ,ржЖржорж╛ржжрзЗрж░ ржмрж┐рж╢рзНржмрж╛рж╕рзЗрж░ ржорзВрж▓рзНржп ржжрзЗржУрзЯрж╛рж░ ржЬржирзНржп",Positive
ржЖрж▓рж╣рж╛ржоржжрзБрж▓рж┐рж▓рзНрж▓рж╛рж╣ред ржкрж╛ржЮрзНржЬрж╛ржмрж┐ржЯрж╛ ржжрж╛ржо рж╣рж┐рж╕рзЗржмрзЗ ржорзЛржЯрж╛ржорзБржЯрж┐ ржнрж╛рж▓ред,Positive
ржжрж╛ржо ржЕржирзБржпрж╛ржпрж╝рзА ржЕржирзЗржХ ржнрж╛рж▓рзЛ ржПржХржЯрж┐ ржкржгрзНржпред ржзржирзНржпржмрж╛ржж рж╕рзЗрж▓рж╛рж░ржХрзЗред,Positive
ржЦрзБржм ржмрзЗрж╢рж┐ ржнрж╛рж▓рзЛ ржирж╛ред ржмрзНрж░рзЗрж╕рж▓рзЗржЯ ржПржХржЯрзБ ржмрж╛ржБржХрж╛ред ржжрж╛ржо рж╣рж┐рж╕рж╛ржмрзЗ ржПржХржЯрзБ ржмрзЗрж╢рж┐ ржирж┐ржпрж╝рзЗржЫрзЗред,Negative
ржПржХ ржХржерж╛рзЯ ржЕрж╕рж╛ржзрж╛рж░ржгред,Positive
ржпрзЗржоржиржЯрж╛ ржжрзЗржЦрж╛ржирзЛ рж╣рзЯрзЗржЫрзЗ ржарж┐ржХ рждрж╛рж░ ржЙрж▓рзНржЯрзЛ ржПржХржжржоржЗ ржмрж╛ржЬрзЗ ,Negative
ржЦрзБржмржЗ ржнрж╛рж▓ ржорж╛ржирзЗрж░ ржкрзНрж░ржбрж╛ржХрзНржЯ ржкрзЗрзЯрзЗржЫрж┐редржПржоржи ржкрзНрж░ржбрж╛ржХрзНржЯ ржжрж┐рж▓рзЗ рж╕ржм рж╕ржорзЯрзЗржЗ ржжрж╛рж░рж╛ржЬрзЗрж░ ржкрзНрж░рждрж┐ ржнрж░рж╕рж╛ ржерж╛ржХржмрзЗредржзржирзНржпржмрж╛ржж ржжрж╛рж░рж╛ржЬ ржзржирзНржпржмрж╛ржж рж╕рзЗрж▓рж╛рж░редЁЯШН,Positive
ржжрж╛ржо ржЕржирзБржпрж╛ржпрж╝рзА ржЧрзЗржЮрзНржЬрж┐ ржнрж╛рж▓рзЛржЗ ржкрзЗржпрж╝рзЗржЫрж┐ ред ржкржЫржирзНржж рж╣рж▓рзЗ ржпрзЗ ржХрзЗржЙ ржирж┐рждрзЗ ржкрж╛рж░рзЗржи ред ржбрзЗрж▓рж┐ржнрж╛рж░рж┐ ржжрзНрж░рзБржд ржкрзЗржпрж╝рзЗржЫрж┐ред ржзржирзНржпржмрж╛ржж,Positive
"ржжрж╛ржо ржЕржирзБржпрж╛ржпрж╝рзА ржнрж╛рж▓рзЛ, рж╕рж╛ржЗржЬ ржарж┐ржХ ржЖржЫрзЗ, ржпрзЗржоржи ржЪрзЗржпрж╝рзЗржЫрж┐рж▓рж╛ржо рждрзЗржоржирж┐ ржкрзЗржпрж╝рзЗржЫрж┐ред ржзржирзНржпржмрж╛ржж ржжрж╛рж░рж╛ржЬ ржХрзЗржЙ ржЪрж╛ржЗрж▓рзЗ ржХрж┐ржирждрзЗ ржкрж╛рж░рзЗржиред",Positive
"ржзржирзНржпржмрж╛ржж ржЬрж╛ржирж┐рзЯрзЗ ржЫрзЛржЯрзЛ ржХрж░ржмрзЛ ржирж╛,, ржпрзЗржоржи ржжрзЗржЦржЫрж┐рж▓рж╛ржо, рждрж╛рж░ ржерзЗржХрзЗржУ ржнрж╛рж▓рзЛ ржкрзЗрзЯрзЗржЫрж┐,, ржЖрж░ржУ рзи ржЯрж╛ ржЕрж░рзНржбрж╛рж░ ржжрж┐ржЪрзНржЫрж┐, ржЖрж╢рж╛ ржХрж░ржЫрж┐ ржПржЗ ржжрзБржЗржЯрж╛ржУ ржмрзЗрж╖рзНржЯ ржкрж╛ржмрзЛ,,рз╖рз╖ рзл рж╕рзНржЯрж╛рж░ ржжрж┐рзЯрзЗ ржжрж┐рж▓рж╛ржоЁЯТШ",Positive
ржкрзНрж░рзЛржбрж╛ржХрзНржЯржЯрж┐ ржЕржирзЗржХ ржнрж╛рж▓рзЛред ржЖржкржирж╛рж░рж╛ ржирж┐рждрзЗ ржкрж╛рж░рзЗржиред ржпрзЗржоржиржЯрж╛ ржЪрзЗржпрж╝рзЗржЫрж┐ ржарж┐ржХ рждрзЗржоржирж┐ред ржзржирзНржпржмрж╛ржж ржжрж╛рж░рж╛ржЬржХрзЗред,Positive
ржЦрзБржм ржнрж╛рж▓ ржПржХржЯрж╛ ржЧрзЗржЮрзНржЬрж┐ ржкрзЗрж▓рж╛ржо ржзржирзНржпржмрж╛ржж ржжрж╛рж░рж╛ржЬ ,Positive
"ржарж┐ржХ ржпрзЗрж░ржХржо ржнрзЗржмрзЗржЫрж┐рж▓рж╛ржо, ржарж┐ржХ рж╕рзЗржЗ рж░ржХржо ржкрзЗрж▓рж╛ржоред ржЦрзБржм рж╕рзБржирзНржжрж░ ржкрзНржпрж╛ржХрзЗржЯрж┐ржВ ржЫрж┐рж▓ред",Positive
ржЫрзЗрж░рж╛ ржПржмржВ ржХрж╛ржкрзЬ ржЦрж╛рж░рж╛ржк,Negative
"ржПржЯрж╛ ржЕржирзНржпрж╛рзЯред ржПржХржжржо ржмрж╛ржЬрзЗ,ржлрзЗржмрзНрж░рж┐ржХ ржжрзБржЗ ржиржорзНржмрж░, ржмржбрж┐ ржЖрж░ рж╣рж╛рждрж╛рж░ рж░ржВ ржЖрж▓рж╛ржжрж╛,ржпрзЗржоржиржЯрж╛ ржжрзЗржЦрж╛ржЗржЫрзЗ, рждрзЗржоржирзНржЯрж╛ ржкрж╛ржЗржирж┐",Negative
ржжрж╛рж░рзБржи ржЕржнрж┐ржЬрзНржЮрждрж╛ред ржХрзЛрзЯрж╛рж▓рж┐ржЯрж┐рж░ ржХржерж╛ ржмрж▓рж▓рзЗ ржмрж▓ржмрзЛ ржЕржирзЗржХ ржнрж╛рж▓рзЛред ржжрж╛ржо ржЕржирзБрж╕рж╛рж░рзЗ ржорж╛ржи ржнрж╛рж▓рзЛред ржзржирзНржпржмрж╛ржж рж╕рзЗрж▓рж╛рж░тЭдя╕П,Positive
ржЖржорж╛рж░ ржкрзНрж░ржержо ржЕржбрж╛рж░ ржЫрж┐рж▓ ржжрж╛ржо ржЕржирзБржпрж╛рзЯрзА ржарж┐ржХ ржЫрж┐рж▓ ржПржмржВ ржбрзЗрж▓рж┐ржнрж╛рж░рж┐ рж░рзНрж╕рж╛ржнрж┐рж╕ ржнрж╛рж▓ ржЫрж┐рж▓ рждрж╛рж░рж╛ рждрж╛рж░рж┐ ржкрзЗрзЯрзЗ ржЧрзЗржЫрж┐,Positive
ржорзЗржЯрж╛ржорзБржарж┐ ржнрж╛рж▓рзЛ рждржмрзЗ ржпрзЗржоржиржЯрж╛ ржЖрж╢рж╛ ржХрж░рзЗржЫрж┐рж▓рж╛ржо рждрзЗржоржиржЯрж┐ ржиржпрж╝редржПржЯрж╛ржУ рж╕рждрзНржп ржжрж╛ржо ржЕржирзБржпрж╛ржпрж╝рзА ржарж┐ржХржЗ ржЖржЫрзЗред,Positive
ржкрзНрж░ржбрж╛ржХрзНржЯ ржЦрзБржм ржнрж╛рж▓ ржЫрж┐рж▓ ржпрзЗрж░ржХржо ржЪрзЗржпрж╝рзЗржЫрж┐рж▓рж╛ржо рж╕рзЗрж░ржХржо ржкрзЗржпрж╝рзЗржЫрж┐ ржЖржорж╛рж░ ржЦрзБржм ржнрж╛рж▓рзЛ рж▓рзЗржЧрзЗржЫрзЗ,Positive
"рж╕ржмржЗ ржарж┐ржХ ржЫрж┐рж▓рзЛ рждржмрзЗ рж╕рж╛ржЗржЬ рж╕ржарж┐ржХ ржирзЯ,XL ржмрж╛ рж╕ржХрж▓ рж╕рж╛ржЗржЬ ржПрж░ ржорж╛ржк рж╕ржарж┐ржХ рж╣ржУрзЯрж╛ ржЙржЪрж┐рзОред",Positive
ржпрзЗржоржиржЯрж╛ ржжрзЗржЦржЫрж┐рж▓рж╛ржо рж╕рзЗржЗржУрж░ржХржорж┐ ржкрж╛ржЗржЫрж┐ ржзржирзНржпржмрж╛ржжред ржжрж╛ржо рж╣рж┐рж╕рж╛ржмрзЗ ржЕрж╕рж╛ржзрж╛рж░ржг ,Positive
ржХржо ржЯрж╛ржХрж╛рзЯ ржПржд ржнрж╛рж▓ ржорж╛ржирзЗрж░ ржЧрзЗржЮрзНржЬрж┐ ржкрж╛ржмрзЛ ржЖрж╢рж╛ ржХрж░рж┐ржирж┐ ржзржирзНржпржмрж╛ржж ржжрж╛рж░рж╛ржЬржХрзЗ ,Positive
ржХрзЛржпрж╝рж╛рж▓рж┐ржЯрж┐ рждрзЗржоржи ржнрж╛рж▓рзЛ ржирж╛ рз╖ рждржмрзЗ ржжрж╛ржо рж╣рж┐рж╕рзЗржмрзЗ ржПржХржжрж┐ржХрзЗ ржарж┐ржХ ржЖржЫрзЗ,Positive
ржЪрж┐ржЯрж┐ржВржмрж╛ржЬрж┐рж░ ржПржХржЯрж╛ рж▓рж┐ржорж┐ржЯ ржерж╛ржХрж╛ ржжрж░ржХрж╛рж░ ржжрж┐рж▓рж╛ржо ржХрж┐ ржЖрж░ ржкрж╛ржЗрж▓рж╛ржо ржХрж┐ред рж╕рж╛ржЗржЬ ржУ ржарж┐ржХ ржирж╛ржЗ,Negative
ржЬрж┐ржирж┐рж╕ ржнрж╛рж▓рзЛ ржХрж┐ржирзНрждрзБ ржХрж╛рж▓рж╛рж░ ржЙржЯрж╛ржкрж╛рж▓ржЯрж╛,Positive
ржХрж╛ржкрж░ ржПржХржжржо ржнрж╛рж▓рзЛ ржЫрж┐рж▓рзЛ ржирж╛ ,Negative
"ржпрзЗржоржи ржЪрзЗрзЯрзЗржЫрж┐рж▓рж╛ржо,рждрзЗржоржирж┐ржнрж╛ржмрзЗржЗ ржкрзЗрзЯрзЗржЫрж┐ред ржзржирзНржпржмрж╛ржжтЭдя╕ПтЭдя╕ПтЭдя╕П",Positive
ржЕржирзЗржХ рж╕рзБржирзНржжрж░ ржЪрж╛ржЗрж▓рзЗ ржирж┐рждрзЗ ржкрж╛рж░рзЗржиЁЯдЧЁЯдЧ,Positive
ржПржХрзНржХрзЗ ржмрж╛рж░рзЗ ржмрж╛ржЬрзЗ рж╣ржпрж╝рзЗржЫрзЗ ржЖржорж╛рж░ ржЯрж╛,Negative
рж╕ржм ржарж┐ржХ ржЖржЫрзЗ ржХрж┐ржирзНрждрзБ рж╣рж╛рждрж╛ рж╕рж░рзНржЯ,Positive
ржПржХ ржХржерж╛ржпрж╝ ржЕрж╕рж╛ржзрж╛рж░ржг ржЦрзБржмрж┐ ржнрж╛рж▓ ржЬрж┐ржирж┐рж╖ ржжрж┐ржпрж╝рзЗржЫрзЗржи рж╕рзЗрж▓рж╛рж░ржХрзЗ ржзржирзНржпржмрж╛ржж рж╕рж╛ржерзЗ ржЧрж┐ржлрзНржЯ ржУ ржкрзЗржпрж╝рзЗржЫрж┐,Positive
ржЕрж░рзНржбрж╛рж░ ржЫрж┐рж▓ рзп ржкрзЗржХрзЗржЯ рж╣рж╛рждрзЗ ржкрж╛ржЗрж▓рж╛ржо рзо ржкрзЗржХрзЗржЯ ржПржХ ржкрзНржпрж╛ржХрзЗржЯ ржХржо ржжрж┐ржЫрзЗредЁЯШбЁЯШб,Negative
"ржмрзЗрж╢ ржнрж╛рж▓рзЛ ржХрж╛ржЬ ржХрж░ржЫрзЗ ржПржЗржЯрж╛, ржЖржорзНржорзБ ржЕржирзЗржХ ржЦрзБрж╢рж┐ рж╣ржЗржЫрзЗ",Positive
ржоржирзЗ ржХрж░рзЗржЫрж┐рж▓рж╛ржо ржмрзЗржЧрзБржирж┐ ржХрж╛рж▓рж╛рж░ ржХрж┐ржирзНрждрзБ ржжрж┐рж▓рзЗржи рж╕ржмрзБржЬ ржХрж╛рж▓рж╛рж░ ржПржмржВ ржмрзНржпрж╛ржЯрж╛рж░рж┐ ржЯрж╛ ржжрж┐рж▓рзЗржи ржирж╛ ржЯрж╛ржХрж╛ рждрзЛ ржирж┐ржпрж╝рзЗржЫрзЗржи 160 ржЯрж╛ржХрж╛ ржХрж┐ржирзНрждрзБ ржЖрж░рзЛ 30 ржЯрж╛ржХрж╛ ржЧрзЗрж▓ ржЖржорж╛рж░  ржЖржорж┐ ржХрзЛржиржжрж┐ржи рждрж╛рж░рж╛ ржпрзЗ ржЕрж░рзНржбрж╛рж░ ржжрж┐ржм ржирж╛ ржзржирзНржпржмрж╛ржж,Negative
ржЦрзБржмржЗ рж╕рзБржирзНржжрж░ ржкржгрзНржпред рж╕ржмржЪрзЗрзЯрзЗ ржнрж╛рж▓ ржмрзНржпрж╛ржкрж╛рж░ ржпрзЗ ржирж┐рж░рзНржзрж╛рж░рж┐ржд рж╕ржорзЯрзЗрж░ ржЖржЧрзЗржЗ ржкрзЗрзЯрзЗ ржЧрзЗрж▓рж╛ржоред рж╕ржмрж╛ржЗ ржирж┐рждрзЗ ржкрж╛рж░рзЗржи ржХрзЛржи рж╕ржорж╕рзНржпрж╛ ржирзЗржЗред,Positive
ржЖрж▓рж╣рж╛ржоржжрзБрж▓рж┐рж▓рзНрж▓рж╛рж╣ ржЕржирзЗржХ ржнрж╛рж▓рзЛ ржнрж╛ржмрзЗ рж╣рж╛рждрзЗ ржкрзЗржпрж╝рзЗржЫрж┐.ржХрж┐ржирзНрждрзБ ржкрзНржпрж╛ржХрзЗржЬрж┐ржВ ржЦрзБржмржЗ ржЦрж╛рж░рж╛ржк ржЫрж┐рж▓ ржПржЫрж╛ржбрж╝рж╛ ржнрж╛рж▓рзЛржЗ ржХрж╛ржЬ ржХрж░ржЫрзЗ ржзржирзНржпржмрж╛ржж,Positive
"ржХрж╛рж▓рж╛рж░ ржлрзНржпрж╛ржорж┐рж▓рж┐ ржмрзНрж▓рзНржпрж╛ржХ рж▓рж┐ржЦрж╛, ржкрж╛ржарж╛ржЗрж╕рзЗржи ржкрж┐ржВржХред рж╕рж╛ржерзЗ ржмрзНржпрж╛ржЯрж╛рж░рж┐ ржирж╛ржЗ,ржЗржиржХрзНрж▓рзБржб ржХрж░рж╛ ржЙржЪрж┐ржд ржЫрж┐рж▓ред",Negative
ржлржЯрзЛрждрзЗ ржпрзЗржоржи ржжрзЗржЦрзЗржЫрж┐ рждрзЗржоржиржЯрж┐ржЗ ржкрзЗрзЯрзЗржЫрж┐ред рж╕рзЗрж▓рж╛рж░ ржнрж╛ржЗ ржПржХржжржо рж╕рзО ржУ ржмрж┐рж╢рзНржмрж╛рж╕рзАред ржЖржкржирж╛рж░рж╛ ржирж┐рждрзЗ ржкрж╛рж░рзЗржиред ржзржирзНржпржмрж╛ржж рж╕рзЗрж▓рж╛рж░ ржнрж╛ржЗ ржПржмржВ ржжрж╛рж░рж╛ржЬ ржХрзЗЁЯСН,Positive
ржжрж╛ржо ржнрж╛рж▓ ржХрж┐ржирзНрждрзБрзБ ржЙржкрж░ ржерзЗржХрзЗ ржирж┐ржЫ ржкрж░ржпржирзНржд ржПржХржЯрж┐ ржпрж╛рзЯржЧрж╛рзЯ рж╕рзБрждрж╛ ржЫрж┐рж▓ржирж╛ред рждрж╛ржЗ ржЖржорж┐ ржкржгрзНржп ржнрж╛рж▓ ржмрж▓ржмрзЛ ржирж╛ред,Negative
ржЖрж▓рж╣рж╛ржоржжрзБрж▓рж┐рж▓рзНрж▓рж╛рж╣ ржжрж╛рж░рж╛ржЬржХрзЗ ржзржирзНржпржмрж╛ржж ржЖржорж╛рж░ ржкржЫржирзНржжрзЗрж░ ржкржгрзНржп ржжрзЗрзЯрж╛рж░ ржЬржирзНржпред ржпрзЗржоржи ржжрж┐ржХрзЗржЫрзЗ ржЯрж┐ржХ рждрзЗржоржи ржкрзЗрзЯрзЗржЫрж┐ред,Positive
"рж╕рзЗрж▓рж╛рж░ ржХржерж╛ ржжрж┐рзЯрзЗ ржХржерж╛ рж░рж╛ржЦрж▓рзЗржи ржирж╛редржмрж▓ржЫрзЗ ржжрж┐ржмрзЗ ржмрзНрж▓рзБ ржХрж╛рж▓рж╛рж░ ржжрж┐ржЫрзЗ рж░рзЗржбред ржмрж╛рж░ржмрж╛рж░ ржХрж░рзЗ ржмрж▓рж▓рж╛ржо ржмрзНрж▓рзБ ржпржжрж┐ ржирж╛ ржерж╛ржХрзЗ ржмрж▓рзЗржи, рж╕рзЗ ржмрж▓рж▓ рж╕ржорж╕рзНржпрж╛ ржирж╛ржЗред ржарж┐ржХржарж╛ржХ ржкрж╛ржмрзЗржиред ржХрж┐ржирзНрждрзБ ржорзБржирж╛ржлрзЗржХрж┐ ржХрж░рж▓рзЗржиредЁЯШаЁЯШа",Negative
"ржнрж╛рж▓ржЗ ржЫрж┐рж▓ рждржмрзЗ рж╣рж╛рждрж╛ ржЦрзБржмржЗ ржЪрж┐ржкрж╛, ржЕржЬрзБ ржХрж░рждрзЗ ржЧрзЗрж▓рзЗ ржЙржкрж░рзЗ ржЙржарж╛ржирзЛ ржпрж╛рзЯ ржирж╛!",Positive
ржЪрж╛ржЗрж▓рж╛ржо ржХрж╛рж▓рзЛ ржХрж╛рж▓рзЛ ржирж╛ ржерж╛ржХрж▓рзЗ ржмрзЗржЧрзБржирж┐ред рж╕рзЗрж▓рж╛рж░ ржмрж▓рж▓рзЛ ржУржХрзЗред ржкрж╛ржарж╛ржЗрж▓рзЛ ржорзЗрж░рзБржи ржХрж┐ржЫрзБржЗ ржмрзБржЭрж▓рж╛ржо ржирж╛ред,Negative
ржкрзНрж░рждрж╛рж░ржХ! рж╕рзЗрж▓рж╛рж░ ржПржХржЯрж╛ ржкрзНрж░рждрж╛рж░ржХ!,Negative
ржбрзЗрж╕ржХрзНрж░рж┐ржкрж╢ржирзЗ ржмрж▓рж╛рж░ ржЫрж┐рж▓ рж╕рзБрждрж┐ ржХрж╛ржкржбрж╝рзЗрж░ ржкрж╛ржЮрзНржЬрж╛ржмрж┐ред рждрж╛ржЗ рждрж┐ржиржЯрж╛ ржкрж╛ржЮрзНржЬрж╛ржмрж┐ ржЕрж░рзНржбрж╛рж░ ржХрж░рзЗржЫрж┐рж▓рж╛ржоред ржХрж┐ржирзНрждрзБ рждрж┐ржиржЯрж╛ ржкрж╛ржЮрзНржЬрж╛ржмрж┐ржЗ рж╕рж┐рж▓рзНржХрзЗрж░! ржПржХржЯрж╛ржУ рж╕рзБрждрж┐ ржХрж╛ржкржбрж╝рзЗрж░ ржирж╛ред,Negative
рж░ржВ ржарж┐ржХ ржЖржЫрзЗред ржжрж╛ржо ржЕржирзБржпрж╛ржпрж╝рзА рж╕ржмржХрж┐ржЫрзБ ржорзЛржЯрж╛ржорзБржЯрж┐ ржарж┐ржХржЗ ржЖржЫрзЗред,Positive
"ржЦрж╛рж░рж╛ржк ржирзЯ, ржПржЗ ржЯрж╛ржХрж╛рзЯ ржжрж╛рж░рзБржи, рждржмрзЗ рж╕рзЗрж▓рж╛ржЗржЯрж╛ ржЖрж░рзЗржХржЯрзБ ржнрж╛рж▓рзЛ рж╣рж▓рзЗ ржоржи ржнрж░рждрзЛ, рждржмрзЗ ржЦрж╛рж░рж╛ржк ржирзЯред",Positive
ржХржо ржжрж╛ржорж┐рж░ ржоржзрзНржпрзЗ ржЕржирзЗржХ ржнрж╛рж▓рзЛред ржЖрж░рж╛ржо ржжрж╛ржпрж╝ржХред ржзржирзНржпржмрж╛ржж ржжрж╛рж░рж╛ржЬ ржПржмржВ рж╕рзЗрж▓рж╛рж░ ржХрзЗред,Positive
ржжрж╛ржо ржЕржирзБрж╕рж╛рж░рзЗ ржЕржирзЗржХ ржнрж╛рж▓ рж╣рзЯрзЗржЫрзЗред рж╕рж╛ржЗржЬ ржУ ржарж┐ржХ ржЖржЫрзЗред ржзржирзНржпржмрж╛ржж рж╕рзЗрж▓рж╛рж░ржХрзЗред,Positive
ржжрж╛ржо рж╣рж┐рж╕рж╛ржмрзЗ ржарж┐ржХ ржЖржЫрзЗ ЁЯе░ ржбрзЗрж▓рж┐ржнрж╛рж░рж┐ ржЦрзБржм рждрж╛ржбрж╝рж╛рждрж╛ржбрж╝рж┐ ржкрзЗржпрж╝рзЗ ржЧрзЗржЫрж┐,Positive
ржПржЯрж╛ ржХрж┐? ржмрж╛ржЯржкрж╛рж░рж┐рж░ ржПржХржЯрж╛ рж╕рзАржорж╛ ржерж╛ржХрж╛ ржЙржЪрж┐рждред ,Negative
"ржнрж╛рж▓рзЛ ржЬрж┐ржирж┐рж╕, ржпржерзЗрж╖рзНржЯ ржЦрзБрж╢рж┐ ржЖржорж┐,ржпрзЗржоржи ржЪрзЗрзЯрзЗржЫрж┐рж▓рж╛ржо, рждрзЗржоржи ржкрзЗрзЯрзЗржЫрж┐, ржзржирзНржпржмрж╛ржж ",Positive
ржкрзНрж░ржбрж╛ржХрзНржЯржЯрж┐ ржЦрзБржм ржнрж╛рж▓рзЛред ржкрзЗржХрзЗржЬрж┐ржВ ржЖрж░рзЛ ржнрж╛рж▓рзЛ ржжрж░ржХрж╛рж░ред,Positive
ржЯрж┐ рж╢рж╛рж░рзНржЯ ржЯрж┐ ржнрж╛рж▓рзЛред рж╕ржмрж╛ржЗ ржирж┐рждрзЗ ржкрж╛рж░рзЗржи,Positive
"ржХрж╛рж▓рж╛рж░ рж╣ржУржпрж╝рж╛рж░ ржХржерж╛ рж╣рзЛржпрж╝рж╛ржЗржЯ, ржЙржкрж░рзЗ ржПржХржЯрж╛ рж▓рзЗржЦрж╛ ржерж╛ржХрж╛рж░ ржХржерж╛ ржнрзБрж▓рзЗ ржпрж╛ржУ ржнрж╛рж▓рзЛ ржерж╛ржХржмрзЗ, ржХрзБрждрж╛рж░ ржмрж╛ржЪрзНржЪрж╛рж░рж╛ ржПржЯрж╛ ржХрж┐ ржкрж╛ржарж╛ржЗржЫрж╕ ржиржЯрж┐рж░ ржкрзЛрж▓рж╛рж░рж╛ред ",Negative
ржпрзЗржоржи ржжрзЗржЦрзЗржЫрж┐рж▓рж╛ржо рждрзЗржоржирж┐ ржкрзЗржпрж╝рзЗржЫрж┐ рж╕рж╛ржЗржЬ ржарж┐ржХ ржЖржЫрзЗ ржзржирзНржпржмрж╛ржж ржжрж╛рж░рж╛ржЬ ржУ рж╕рзЗрж▓рж╛рж░ ржжрзЗрж░ ржЖржорж╛рж░ ржХрж╛ржЫрзЗ ржЕржирзЗржХ ржнрж╛рж▓рзЛ рж▓рзЗржЧрзЗржЫрзЗ ржЖржкржирж╛рж░рж╛ ржЪрж╛ржЗрж▓рзЗ ржирж┐ржГрж╕ржирзНржжрзЗрж╣рзЗ ржирж┐рждрзЗ ржкрж╛рж░рзЗржи,Positive
"ржкржгрзНржп ржЯрж╛ ржЕржирзЗржХ ржнрж╛рж▓рзЛ , ржПрждрзЛ ржХржо ржжрж╛ржорзЗ ржжрж╛рж░рж╛ржЬ ржПрждрзЛ ржнрж╛рж▓рзЛ ржкржгрзНржп ржЖржорж╛ржжрзЗрж░ ржжрж┐ржмрзЗ рждрж╛ ржЖрж╕рж▓рзЗ ржнрж╛ржмрж╛ ржЬрж╛рзЯ ржирж╛, рждрж╛ржЗ ржзржирзНржпржмрж╛ржж , ржжрж╛рж░рж╛ржЬ ржХрзЗред ",Positive
рж╕рзБржирзНржжрж░ ржЪрж╢ржорж╛ред ржпрзЗржЯрж╛ ржЕржбрж╛рж░ ржжрж┐рзЯрзЗржЫрж┐ ржУржЗржЯрж╛ржЗ ржЖрж╕ржЫрзЗ,Positive
"рж╕рж╛ржиржЧрзНрж▓рж╛рж╕ржЯрж╛ ржЕржирзЗржХ ржкржЫржирзНржж рж╣ржпрж╝рзЗржЫрзЗ, ржпрж╛ ржЕрж░рзНржбрж╛рж░ ржХрж░рзЗржЫрж┐ ржЖржорж┐ рждрж╛ржЗ ржкрзЗржпрж╝рзЗржЫрж┐ ржзржирзНржпржмрж╛ржж ржжрж╛рж░рж╛ржЬржХрзЗ рж╕ржарж┐ржХ рж╕рж╛ржиржЧрзНрж▓рж╛рж╕ржЯрж┐ ржжрзЗржУржпрж╝рж╛рж░ ржЬржирзНржп ЁЯШНЁЯе░ЁЯе░ЁЯШШЁЯШШЁЯШШЁЯШЪ",Positive
ржЪрзНржпрж╛ржЯ ржХрж░рзЗ рж▓рж╛ржн рж╣ржЗрж▓ ржХрж┐? ржЪрж╛ржЗрж▓рж╛ржо ржХрж╛рж▓рж╛рж░ржлрзБрж▓ рждрж┐ржиржЯрж╛ ржжрж┐рждрзЗ ржжрж┐рж▓рзЗржи ржХрж┐ рж▓рж╛ржЗржЯ ржХрж╛рж▓рж╛рж░,Negative
"ржнрж╛рж▓рзЛ ржЫрж┐рж▓ ржжрж╛ржо ржЕржирзБрж╕рж╛рж░рзЗ, ржпрзЗржоржи рж░ржВ ржЪрзЗржпрж╝рзЗржЫрж┐ рждрзЗржоржи ржжрзЗржУржпрж╝рж╛рж░ ржЬржирзНржп ржзржирзНржпржмрж╛ржжред ржЖржкржирж╛рж░рж╛ ржирж┐рждрзЗ ржкрж╛рж░рзЗржи",Positive
"ржлрж╛рж▓рждрзБ ,,рж╕рж╛рж▓рж╛рж░рж╛,,ржХрж╛рж▓рж╛рж░ ржжрж┐ржЫрзЗ рж╕рж╛ржзрж╛редред рж░рзЛржЬрж╛рж░ ржжрж┐ржи рждрж╛ржЗ ржХрж┐ржЫрзБ ржмрж▓ржЫрж┐ ржирж╛редредредЁЯдм ржиржЗрж▓рзЗ рж▓рж╛ржерзНржерж┐ ржорзЗрж░рзЗ ржирзЗржЯржУрзЯрж╛рж░рзНржХ ржПрж░ ржмрж╛рж╣рж┐рж░рзЗ ржлрзЗрж▓рзЗ ржжрж┐рждрж╛ржоЁЯШбЁЯШа",Negative
"ржоржирзЗ рж╣рзЯ ржкржирзНржпржЯрж┐ ржПржХржЗ ржирзЯ, рждржмрзЗ ржжрж╛ржорзЗрж░ рждрзБрж▓ржирж╛рзЯ ржнрж╛рж▓рзЛ ржирзЯ",Negative
ржПрждрзЛ ржирж┐ржорзНржиржорж╛ржирзЗрж░ ржкрзНрж░рзЛржбрж╛ржХрзНржЯ ржпрж╛ ржмрзНржпржмрж╣рж╛рж░рзЗрж░ ржорждржЗ ржирж╛редржПржЗрж╕ржм ржЫрзЛржЯрж▓рзЛржХрзЗрж░ ржЬржирзНржпржЗ ржЕржирж▓рж╛ржЗржи ржмрзНржпржмрж╕рж╛ ржЖржорж╛ржжрзЗрж░ ржжрзЗрж╢рзЗ ржЙржирзНржирждрж┐ ржХрж░рждрзЗ ржкрж╛рж░рзЗ ржирж╛,Negative
"ржПржХржжржо ржлрж╛рж▓рждрзБред рж╕рж╛ржЗржЬ ржарж┐ржХ ржирж╛ржЗ, ржжрзЗржЦрждрзЗржУ ржЫржмрж┐рж░ ржорждрзЛ ржХрзЛрзЯрж╛рж▓рж┐ржЯрж┐ржлрзБрж▓ ржирзЯрз╖ ржЯрж╛ржХрж╛ ржмрзЗрж╢рж┐ ржирж╛ рж╣рж▓рзЗ ржХрзЗржЙ ржХрж┐ржирзЗржи ржирж╛ ржПржЗ рж╕рзЗрж▓рж╛рж░рзЗрж░ ржерзЗржХрзЗред ",Negative
ржПржнржмрзЗ ржкрзНрж░рждрж╛рж░ржгрж╛ ржирж╛ ржХрж░рзЗ ржнрж┐ржХрзНрж╖рж╛ ржХрж░рзЗ ржЦрж╛ржУрзЯрж╛ ржЕржирзЗржХ ржнрж╛рж▓рзЛ рж╢рж╛рж▓рж╛рж░рж╛ ржмрж╛рж░ ржмрж╛рж░ ржЪрж╛ржЗрж▓рж╛ржо ржПржХ ржХрж╛рж▓рж╛рж░ ржЖрж░ ржкржирзНржп ржбрзЗрж▓рж┐ржнрж╛рж░рж┐ ржжрж┐рж▓рзЛ ржЕржирзНржп ржХрж╛рж▓рж╛рж░,Negative
ржЖржорж╛рж░ ржЕржирзЗржХ ржкржЫржирзНржж рж╣ржпрж╝рзЗржЫрзЗ рж╕ржм ржЧрзБрж▓рзЛ ржкржгрзНржп ржЕрж░рж┐ржЬрж┐ржирж╛рж▓,Positive
ржЖрж▓рж╣рж╛ржоржжрзБрж▓рж┐рж▓рзНрж▓рж╛рж╣ ржнрж╛рж▓рзЛ рж▓рж╛ржЧржЫрзЗ рж╢рж╛рж░рзНржЯржЯрж┐ ржПржмржВ ржпрзЗржЗржЯрж╛ ржЪрж╛ржЗржЫрж┐ ржарж┐ржХ ржР рж╢рж╛рж░рзНржЯржЯрж┐ ржкрзЗржпрж╝рзЗржЫрж┐ред ржзржирзНржпржмрж╛ржж ржжрж╛рж░рж╛ржЬржХрзЗред,Positive
"ржПржХ ржХржерж╛ржпрж╝ ржжрж╛рж░рзБржи ржЬрж┐ржирж┐рж╕ ,, рж╕рж╛ржЗржЬ ржарж┐ржХржоржд ржкрзЗржпрж╝рзЗржЫрж┐, ржЖржорж╛рж░ ржЦрзБржм ржкржЫржирзНржж рж╣ржпрж╝рзЗржЫрзЗ,, ржЖржкржирж╛рж░рж╛ ржУ ржирж┐рждрзЗ ржкрж╛рж░рзЗржи,,,,",Positive
ржПржХржжржо ржлрж╛рж▓рждрзБ рж╢рж╛рж░рзНржЯ,Negative
ржЦрзБржм ржмрзЗрж╢рж┐ ржнрж╛рж▓рзЛ ржЫрж┐рж▓рзЛ ржирж╛!ржкрзНрж░рждрзНржпрж╛рж╢рж╛ ржЕржирзБрж╕рж╛рж░рзЗ ржУрждрзЛ ржнрж╛рж▓ ржирж╛рж╣редЁЯджтАНтЩВя╕П,Negative
рж╕ржм ржерзЗржХрзЗ ржмрж╛ржЬрзЗ ржПржХржЯрж╛ ржкрзНрж░рзЛржбрж╛ржХрзНржЯрж╕ ржХрзЗржУ ржирж┐ржмрзЗржи ржирж╛,Negative
рж╣рж╛рж▓ржХрж╛ ржирзАрж▓ ржПрж░ ржмржжрж▓рзЗ ржЧрж╛рзЭ ржирзАрж▓ ржжрж┐ржЫрзЗредрждржмрзБржУ ржЬрж┐ржирж┐рж╕ржЯрж╛ ржнрж╛рж▓ред ржкрж░ржмрж░рзНрждрзА рж╕ржорзЯ ржЦрзЗрзЯрж╛рж▓ рж░рж╛ржЦржмрзЗржиред,Positive
"ржжрж╛ржо ржЕржирзБржпрж╛рзЯрзА ржкрзНрж░рзЛржбрж╛ржХрзНржЯ ржнрж╛рж▓ржЗ, ржирж┐рждрзЗ ржкрж╛рж░рзЗржиред рж╕рзЗрж▓рж╛рж░рзЗрж░ ржмрзНржпржмрж╣рж╛рж░ржУ ржнрж╛рж▓рзЛред ржЕрж░рзНржбрж╛рж░ ржХрж░рж╛рж░ рзк ржжрж┐ржирзЗрж░ ржорж╛ржерж╛рзЯ ржкрзНрж░рзЛржбрж╛ржХрзНржЯ рж╣рж╛рждрзЗ ржкрзЗрзЯрзЗржЫрж┐ред",Positive
"ржХрж╛ржкржбрж╝ ржЯрж╛ ржнрж╛рж▓рзЛ , ржХрж┐ржирзНрждрзВ ржЦрзБржм ржнрж╛рж▓рзЛ ржорж╛ржирзЗрж░ ржкрж╛ржЗ ржирж╛ржЗ ред",Positive
ржЫржмрж┐рждрзЗ ржпрзЗржоржи ржжрзЗржЦрзЗржЫрж┐ ржарж┐ржХ рждрзЗржоржирж┐ ржкрзЗржпрж╝рзЗржЫрж┐ ржПржмржВ ржжрзБржЗржЯрж╛ ржЬрж╛ржорж╛ ржЕрж░рзНржбрж╛рж░ ржХрж░рж╕рж┐рж▓рж╛ржо ржжрзБржЗржЯрж╛ржЗ ржарж┐ржХржорждрзЛ ржкрж╛ржЗрж╕рж┐ред,Positive
ржжрзНрж░рзБржд ржбрзЗрж▓рж┐ржнрж╛рж░рж┐ ржкрзЗрзЯрзЗржЫрж┐ред ржжрж╛ржо ржЕржирзБржпрж╛рзЯрзА ржХрж╛ржкрзЬрзЗрж░ ржорж╛ржи ржарж┐ржХ ржЖржЫрзЗред ржкрж░рждрзЗржУ ржмрзЗрж╢ ржЖрж░рж╛ржоржжрж╛рзЯржХред ржзржирзНржпржмрж╛ржж ржжрж╛рж░рж╛ржЬ ржПржмржВ рж╕рзЗрж▓рж╛рж░ ржХрзЗред,Positive
ржПржХ ржХржерж╛рзЯ ржЕрж╕рж╛ржзрж╛рж░ржг тЭдя╕ПтЭдя╕ПтЭдя╕П!! ржпрзЗржоржиржЯрж╛ ржЖрж╢рж╛ ржХрж░рзЗржЫрж┐рж▓рж╛ржо ржарж┐ржХ рждрзЗржоржиржЗред,Positive
"ржПржХ ржХржерж╛рзЯ ржЕрж╕рж╛ржзрж╛рж░ржи ржПржХржЯрж┐ ржЯрж┐ рж╢рж╛рж░рзНржЯ, ржпрзЗржЗ рж░ржХржо ржЪрзЗрзЯрзЗржЫрж┐ ржЖрж▓рж╣рж╛ржоржжрзБрж▓рж┐рж▓рзНрж▓рж╛рж╣ рж╕рзЗржЗ рж░ржХржоржЗ ржкрзЗрзЯрзЗржЫрж┐ред рж╕рж╛ржЗржп ржУ ржарж┐ржХрж╛ржЫрзЗ ЁЯЩВ ржзржирзНржпржмрж╛ржж рж╕рзЗрж▓рж╛рж░ржХрзЗ ржПржЗрж░ржХржо ржнрж╛рж▓рзЛ ржПржХржЯрж┐ ржкрзНрж░рзЛржбрж╛ржХрзНржЯ ржжрзЗржУрзЯрж╛рж░ ржЬржирзНржпред",Positive
рждрж╛ржжрзЗрж░ ржЫржмрж┐рждрзЗ ржжрзЗржЦрж╛ржирзЛ ржкржгрзНржпрзЗрж░ рж╕рж╛ржерзЗред ржбрзЗрж▓рж┐ржнрж╛рж░рж┐ ржХрзГржд ржкржгрзНржпрзЗрж░ ржЕржирзЗржХ ржбрж┐ржлрж╛рж░рзЗржирзНрж╕ ржЖржЫрзЗред,Negative
ржЦрзБржм ржнрж╛рж▓рзЛ ржЫрж┐рж▓рзЛред ржпрзЗржоржиржЯрж╛ ржЕрж░рзНржбрж╛рж░ ржХрж░рзЗржЫрж┐ рж╕рзЗржЗржо ржЬрж┐ржирж┐рж╕ржЯрж╛ржЗ ржкрзЗрзЯрзЗржЫрж┐редржЦрзБржм ржнрж╛рж▓ рж▓рж╛ржЧржЫрзЗ ржжрж╛рж░рж╛ржЬржХрзЗ ржзржирзНржпржмрж╛ржж ЁЯе░ЁЯе░ЁЯе░,Positive
ржЖрж▓рж╣рж╛ржоржжрзБрж▓рж┐рж▓рзНрж▓рж╛рж╣ ржкрзНрж░ржбрж╛ржХрзНржЯрж╛ ржЕржирзЗржХ ржнрж╛рж▓рзЛ ред ржЖржкржирж╛рж░рж╛ ржЪрж╛ржЗрж▓рзЗ ржирж┐рж╕ржирзНржжрзЗрж╣рзЗ ржирж┐рждрзЗ ржкрж╛рж░рзЗржиред,Positive
ржзржирзНржпржмрж╛ржжЁЯТЩЁЯТЩржПржЗ ржкрзНрж░рзЛржбрж╛ржХрзНржЯ ржнрж╛рж▓рзЛ ржЫрж┐рж▓рзЛ,Positive
ржнрж╛рж▓рзЛ ржПржХржЯрж╛ ржкрзНрж░рзЛржбрж╛ржХрзНржЯредржЖржорж┐ рж╕рж╛ржд ржжрж┐ржи ржкрж░ ржЖржЬ рж░рж┐ржнрж┐ржЙ ржжрж┐ржЪрзНржЫрж┐ред ржЖржкржирж╛рж░рж╛ ржЪрж╛ржЗрж▓рзЗ ржирж┐ржГрж╕ржирзНржжрзЗрж╣рзЗ ржирж┐рждрзЗ ржкрж╛рж░рзЗржиред,Positive
ржХржо ржжрж╛ржорзЗрж░ ржоржзрзНржпрзЗ ржнрж╛рж▓рзЛржЗред ржзржирзНржпржмрж╛ржж тЭдя╕П,Positive
ржжрж╛ржо рж╣рж┐рж╕рзЗржмрзЗ ржкржгрзНржпржЯрж┐ ржЕрж╕рж╛ржзрж╛рж░ржг ,Positive
"ржХрж┐ ржЖрж░ ржмрж▓ржмрзЛ, ржЦрзБржм рж╕рзБржирзНржжрж░ рж╣рзЯрзЗржЫрзЗред",Positive
ржЖржорж╛рж░ ржкрзЗржирзНржЯ ржХрзЗржи ржнрзБрж▓ ржкрзЗржирзНржЯ ржжрж┐рж▓,Negative
ржнрж╛рж▓рзЛ ржирж╛ ржЖржарж╛ ржУржарж╛,Negative
"ржЦрзБржмржЗ рж╕рзБржирзНржжрж░ ржмрзАржЬ,ржпрзЗрж░ржХржо ржЪрзЗрзЯрзЗржЫрж┐рж▓рж╛ржо рж╕рзЗрж░ржХржЗржо ржкрж╛ржЗржЫрж┐редржзржирзНржпржмрж╛ржж рж╕рзЗрж▓рж╛рж░ ржПржмржВ ржжрж╛рж░рж╛ржЬред",Positive
"ржмрзАржЬрзЗрж░ ржЧрзБржирзЛржЧржд ржорж╛ржи ржорзЛржЯрж╛ржорзБржЯрж┐, ржЖрж░ ржнрж╛рж▓рзЛ ржмрзЗрж╢рж┐ ржжрзЗржУрзЯрж╛рж░ ржЪрзЗрж╖рзНржЯрж╛ ржХрж░ржмрзЗржи",Positive
ржмрзАржЬ ржжрзЗржЦрж▓рзЗ ржоржирзЗ рж╣ржЪрзНржЫрзЗ ржПржЦржирж┐ ржЧрж╛ржЫ рж╣ржмрзЗредржПрждрзЛ ржнрж╛рж▓рзЛ ржмрзАржЬредржЦрзБржм ржЦрзБржм ржЦрзБрж╢рж┐ рж╣рж▓рж╛ржоредржзржирзНржпржмрж╛ржж ржжрж╛рж░рж╛ржЬ ржПржмржВ рж╕рзЗрж▓рж╛рж░ ржХрзЗред,Positive
ржнрж╛ржЗ ржмрж┐ржЬ ржнрж╛рж▓рзЛ рж╣ржЗржЫрзЗредржЕржирзЗржХ ржЧрзБрж▓рзЛ ржмрж┐ржЬ ржмрзЗрж╢рж┐ ржУ ржкрж╛ржЗрж▓рж╛ржоредрж╕рзЗрж▓рж╛рж░ ржПржмржВ ржжрж╛рж░рж╛ржЬ ржХрзЗ ржзржирзНржпржмрж╛ржжредЁЯТЭ рж╕ржмрж╛ржЗ ржПржЦрж╛ржи ржерзЗржХрзЗ ржХрж┐ржиржмрзЗржиредрж╕ржарж┐ржХ ржмрж┐ржЬ ржкрж╛ржмрзЗржиред,Positive
ржПрж░ржХржо ржнрж╛рж▓рзЛ ржмрзАржЬ ржЖржЧрзЗ ржкрж╛ржЗржирж┐ред ржЦрзБржмржЗ рж╕рзБржирзНржжрж░ ржмрзАржЬредржзржирзНржпржмрж╛ржж ржнрж╛ржЗредржжрж╛рж░рж╛ржЬ ржмрзЗрж╕рзНржЯред,Positive
"ржПржЯрж╛ ржарж┐ржХ ржЖржЫрзЗ, рждржмрзЗ рж╕рж╛ржжрж╛ рж░ржЩрзНржЧ ржирж╛ ржжрж┐рзЯрзЗ, ржЕрзНржпрж╛ржоржмржЯрж╛рж░рж┐ ржжрж┐рж▓рзЗ ржнрж╛рж▓рзЛ рж╣рждред",Positive
ржЖржорж░рж╛ ржЦрзБржм ржЦрзБрж╢рж┐ред,Positive
ржпрзЗржоржиржЯрж╛ ржЪрзЗрзЯрзЗржЫрж┐ рждрзЗржоржиржЯрж╛ ржкрзЗрзЯрзЗржЫрж┐,Positive
ржнрж╛рж▓рзЛ ржХрж╛ржкрзЬ ржирж╛ ржнрж╛ржЗ ржПржХржмрж╛рж░рзЗ ржлрж╛рж▓рждрзБ ,Negative
ржЖрж▓рж╣рж╛ржоржжрзБрж▓рж┐рж▓рзНрж▓рж╛рж╣ ржкрзНрж░рзЛржбрж╛ржХрзНржЯрж╛ ржЦрзБржм ржнрж╛рж▓ ржЫрж┐рж▓ ржзржирзНржпржмрж╛ржж ржжрж╛рж░рж╛ржЬ ржХрзЗ,Positive
ржЕржирзЗржХ ржЕржирзЗржХ ржзржирзНржпржмрж╛ржж ржжрж╛рж░рж╛ржЬржХрзЗредржнрж╛рж▓рзЛ ржЬрж┐ржирж┐рж╕ ржжрзЗржУрзЯрж╛рж░ ржЬржирзНржпред ,Positive
ржПржХржЗ ржлрзНрж░рзЗржнрж╛рж░ ржжрзБржЗржЯрж╛рж░ред рждрж╛ржУ рззрзж/рззрзи ржорж┐ржирж┐ржЯ ржкрж░ ржерж╛ржХрзЗ ржирж╛ред ржлрж╛рж▓рждрзБ ржкрзНрж░рзЛржбрж╛ржХрзНржЯ ,Negative
ржЕрж░рж┐ржЬрж┐ржирж╛рж▓ ржкрзЗрзЯрзЗржЫрж┐ред рж╕рзЗрж▓рж╛рж░ ржПржмржВ ржжрж╛рж░рж╛ржЬ ржХрзЗ ржЕрж╕ржВржЦрзНржп ржзржирзНржпржмрж╛ржжред ,Positive
ржЦрзБржм ржмрж╛ржЬрзЗ ржПржХржЯрж╛ ржкрзНрж░ржбрж╛ржХрзНржЯ,Negative
ржЕржирзЗржХ ржнрж╛рж▓рзЛржЫрж┐рж▓ рж╕ржарж┐ржХ ржкржирзНржп ржкрж╛ржЗржЫрж┐ рж╕ржмрж╛ржЗ ржирж┐рждрзЗ ржкрж╛рж░рзЗржиредржзржирзНржпржмрж╛ржж ржжрж╛рж░рж╛ржЬ рж╕ржарж┐ржХ ржУ рж╕рзБржирзНржжрж░ ржкржирзНржп ржжрзЗржУрзЯрж╛рж░ ржЬржирзНржп,Positive
ржЬрж┐ржирж┐рж╕ ржЯрж╛ ржЕржирзЗржХ ржнрж╛рж▓рзЛ,Positive
ржжрж╛ржо рж╣рж┐рж╕рзЗржмрзЗ ржЦрж╛рж░рж╛ржк ржирж╛,Positive
ржнрж╛рж▓рзЛ рж▓рж╛ржЧрзЗржирж┐,Negative
ржЖржорж┐ ржпрзЗржоржи ржЪрзЗрзЯрзЗржЫрж┐рж▓рж╛ржо ржарж┐ржХ рж╕рзЗржЗрж░ржХржо ржкрзЗрж▓рж╛ржоред ржмрж▓рждрзЗ ржЧрзЗрж▓рзЗ ржЕрж╕рж╛ржзрж╛рж░ржг & ржЕржирзЗржХ рж╕рзБржирзНржжрж░ЁЯШНЁЯШНЁЯе░ЁЯе░ЁЯе░ЁЯе░ЁЯТЧЁЯТЧ ржзржирзНржпржмрж╛ржж ржжрж╛рж░рж╛ржЬржХрзЗ & ржзржирзНржпржмрж╛ржж рж╕рзЗрж▓рж╛рж░ ржХрзЗЁЯТУЁЯТУЁЯТУЁЯТЧЁЯТЧЁЯТЧ,Positive
ржжрзБржГржЦржЬржиржХ рж╣рж▓рзЗржУ рж╕рждрзНржп ржЖржорж┐ ржпрзЗржЗ ржмрзНржпрж╛ржЧ ржЪрзЯрзЗрж╕ ржХрж░рзЗ ржУрж░рзНржбрж╛рж░ ржХрж░ржЫрж┐рж▓рж╛ржо ржЖрж╕рж▓рзЗ ржЖржиржмржХрзНрж╕рж┐ржВ ржХрж░рзЗ ржжрзЗржЦрж┐ ржЕржирзНржп ржПржХржЯрж┐ ржмрзНржпрж╛ржЧЁЯШвред,Negative
ржмрзНржпрж╛ржЧ ржжрж╛ржо ржЕржирзБржпрж╛рзЯрзА ржорзЛржЯрж╛ржорзБржЯрж┐ ржнрж╛рж▓рзЛржЗред,Positive
ржЖржкржирж╛рж░рж╛ржУ ржЪрж╛ржЗрж▓рзЗ ржирж┐ржГрж╕ржирзНржжрзЗрж╣рзЗ ржирж┐рждрзЗ ржкрж╛рж░рзЗржиред,Positive
ржзржирзНржпржмрж╛ржж ржжрж╛рж░рж╛ржЬржХрзЗ рж╕ржарж┐ржХ ржкржгрзНржп ржжрзЗржУрзЯрж╛рж░ ржЬржирзНржпред ,Positive
ржорзЛржЯрж╛ржорзБржЯрж┐ ржнрж╛рж▓,Positive
ржЕрж░рзНржбрж╛рж░ ржХрж░рж▓рж╛ржо рж▓рж╛рж▓ рж░ржВржпрж╝рзЗрж░ ржбрзЗрж▓рж┐ржнрж╛рж░рж┐ ржжрж┐рж▓ ржирзАрж▓ рж░ржЩрзЗрж░!!?,Negative
ржжрж╛ржорзЗрж░ рждрзБрж▓ржирж╛ржпрж╝ ржкрзНрж░рзЛржбрж╛ржХрзНржЯ ржарж┐ржХ ржЖржЫрзЗред,Positive
ржЕрж░рзНржбрж╛рж░ ржХрж░рж▓рж╛ржо ржПржХ ржмрзНржпрж╛ржЧ ржбрзЗрж▓рж┐ржнрж╛рж░рж┐ ржкрж╛ржЗрж▓рж╛ржо ржЕржирзНржп ржмрзНржпрж╛ржЧЁЯФеЁЯФеЁЯЩВ,Negative
ржкрзБрж░рзЛ ржЯрж╛ржХрж╛ржЯрж╛ржЗ ржирж╖рзНржЯ ,Negative
"ржкржгрзНржпржЯрж┐ ржорзЛржЯрж╛ржорзБржЯрж┐ ржнрж╛рж▓рзЛ,,,ржпрж╛ ржЪрзЗрзЯрзЗржЫрж┐ рждрж╛ ржХрж┐ржЫрзБржЯрж╛ ржорж┐рж▓ ржирзЗржЗ рждржмрзЗ ржЯрж╛ржХрж╛рж░ ржЕржВржХ рж╣рж┐рж╕рж╛ржмрзЗ ржарж┐ржХ ржЖржЫрзЗ",Positive
ржЖрж▓рж╣рж╛ржоржжрзБрж▓рж┐рж▓рзНрж▓рж╛рж╣ ржЦрзБржмржЗ ржнрж╛рж▓ ржорж╛ржирзЗрж░ ржкржгрзНржп рж╕ржмржжрж┐ржХ ржжрж┐ржпрж╝рзЗ ржнрж╛рж▓рзЛ ржЫрж┐рж▓,Positive
ржорж╛ржирж┐ржмрзНржпрж╛ржЧржЯрж┐ ржПржХржЯрзБ рж╣рж╛рж░рзНржб ржмрж▓рж╛ ржпрж╛рзЯ ред ржжрж╛ржо рж╣рж┐рж╕рж╛ржмрзЗ ржнрж╛рж▓ржЗ ржмрж▓рж╛ ржпрж╛рзЯред ржХрзЗржЙ ржирж┐рждрзЗ ржЪрж╛ржЗрж▓рзЗ ржирж┐рждрзЗ ржкрж╛рж░рзЗржиред ржбрзЗрж▓рж┐ржнрж╛рж░рж┐ ржЖрж░ ржПржХржЯрзБ ржлрж╛рж╕рзНржЯ рж╣рж▓рзЗ ржнрж╛рж▓ рж╣рзЯред,Positive
ржкрзГржерж┐ржмрзАрж░ рж╕ржмржЪрзЗржпрж╝рзЗ ржЦрж╛рж░рж╛ржк ржкржгрзНржп ржПржЦржирзЛ ржЖржарж╛ ржЧрзБрж▓ржЗ рж╢рзБржХрж╛рзЯ ржирж┐...рж░рж╛рж╕рзНрждрж╛рзЯ ржврж╛ржХрж┐рждрзЗ ржмрж┐ржХрзНрж░рж┐ ржХрж░рж╛ ржкржирзНржп,Negative
рж░рж┐ржнрж┐ржЙ ржжрзЗржЦрзЗ ржЕрж░рзНржбрж╛рж░ ржжрж┐ржЫрж┐рж▓рж╛ржо ЁЯдм ржПрждрзЛтАМ ржкрж╛рждрж▓рж╛ ржЖрж░ рж╣рж╛рж▓ржХрж╛ ржХрж┐ ржЖрж░ ржмрж▓ржм ржЯрж╛ржХрж╛ ржЯрж╛ржЗ ржЬрж▓рзЗ ржЧрзЗрж▓ ЁЯШд ржПржЗ ржорж╛ржирж┐ржмрзНржпрж╛ржЧ 50 ржЯрж╛ржХрж╛ рж╣ржУржпрж╝рж╛ ржЙржЪрж┐ржд ржЫрж┐рж▓ред ржлрзБржЯржкрж╛рждрзЗ ржПржЗ ржжрж╛ржорзЗ ржЖрж░ рж╣рж╛ржЬрж╛рж░ ржЧрзБржг ржнрж╛рж▓рзЛ ржкрж╛ржУржпрж╝рж╛ ржпрж╛ржпрж╝ред,Negative
